age,history,risk_class,screens_used,action
40,0,0,0,0
40,0,0,1,0
40,0,0,2,0
40,0,1,0,0
40,0,1,1,0
40,0,1,2,0
40,1,0,0,0
40,1,0,1,0
40,1,0,2,0
40,1,1,0,0
40,1,1,1,0
40,1,1,2,0
40,2,0,0,0
40,2,0,1,0
40,2,0,2,0
40,2,1,0,0
40,2,1,1,0
40,2,1,2,0
40,3,0,0,1
40,3,0,1,0
40,3,0,2,0
40,3,1,0,0
40,3,1,1,0
40,3,1,2,0
40,4,0,0,1
40,4,0,1,0
40,4,0,2,0
40,4,1,0,0
40,4,1,1,0
40,4,1,2,0
40,5,0,0,1
40,5,0,1,0
40,5,0,2,0
40,5,1,0,0
40,5,1,1,0
40,5,1,2,0
40,6,0,0,1
40,6,0,1,0
40,6,0,2,0
40,6,1,0,0
40,6,1,1,0
40,6,1,2,0
40,7,0,0,1
40,7,0,1,0
40,7,0,2,0
40,7,1,0,0
40,7,1,1,0
40,7,1,2,0
40,8,0,0,1
40,8,0,1,0
40,8,0,2,0
40,8,1,0,0
40,8,1,1,0
40,8,1,2,0
40,9,0,0,1
40,9,0,1,0
40,9,0,2,0
40,9,1,0,0
40,9,1,1,0
40,9,1,2,0
40,10,0,0,1
40,10,0,1,0
40,10,0,2,0
40,10,1,0,0
40,10,1,1,0
40,10,1,2,0
41,0,0,0,0
41,0,0,1,0
41,0,0,2,0
41,0,1,0,0
41,0,1,1,0
41,0,1,2,0
41,1,0,0,0
41,1,0,1,0
41,1,0,2,0
41,1,1,0,0
41,1,1,1,0
41,1,1,2,0
41,2,0,0,0
41,2,0,1,0
41,2,0,2,0
41,2,1,0,0
41,2,1,1,0
41,2,1,2,0
41,3,0,0,1
41,3,0,1,0
41,3,0,2,0
41,3,1,0,0
41,3,1,1,0
41,3,1,2,0
41,4,0,0,1
41,4,0,1,0
41,4,0,2,0
41,4,1,0,0
41,4,1,1,0
41,4,1,2,0
41,5,0,0,1
41,5,0,1,0
41,5,0,2,0
41,5,1,0,0
41,5,1,1,0
41,5,1,2,0
41,6,0,0,1
41,6,0,1,0
41,6,0,2,0
41,6,1,0,0
41,6,1,1,0
41,6,1,2,0
41,7,0,0,1
41,7,0,1,0
41,7,0,2,0
41,7,1,0,0
41,7,1,1,0
41,7,1,2,0
41,8,0,0,1
41,8,0,1,0
41,8,0,2,0
41,8,1,0,0
41,8,1,1,0
41,8,1,2,0
41,9,0,0,1
41,9,0,1,0
41,9,0,2,0
41,9,1,0,0
41,9,1,1,0
41,9,1,2,0
41,10,0,0,1
41,10,0,1,0
41,10,0,2,0
41,10,1,0,0
41,10,1,1,0
41,10,1,2,0
42,0,0,0,0
42,0,0,1,0
42,0,0,2,0
42,0,1,0,0
42,0,1,1,0
42,0,1,2,0
42,1,0,0,0
42,1,0,1,0
42,1,0,2,0
42,1,1,0,0
42,1,1,1,0
42,1,1,2,0
42,2,0,0,0
42,2,0,1,0
42,2,0,2,0
42,2,1,0,0
42,2,1,1,0
42,2,1,2,0
42,3,0,0,0
42,3,0,1,0
42,3,0,2,0
42,3,1,0,0
42,3,1,1,0
42,3,1,2,0
42,4,0,0,0
42,4,0,1,0
42,4,0,2,0
42,4,1,0,0
42,4,1,1,0
42,4,1,2,0
42,5,0,0,0
42,5,0,1,0
42,5,0,2,0
42,5,1,0,0
42,5,1,1,0
42,5,1,2,0
42,6,0,0,0
42,6,0,1,0
42,6,0,2,0
42,6,1,0,0
42,6,1,1,0
42,6,1,2,0
42,7,0,0,0
42,7,0,1,0
42,7,0,2,0
42,7,1,0,0
42,7,1,1,0
42,7,1,2,0
42,8,0,0,0
42,8,0,1,0
42,8,0,2,0
42,8,1,0,0
42,8,1,1,0
42,8,1,2,0
42,9,0,0,0
42,9,0,1,0
42,9,0,2,0
42,9,1,0,0
42,9,1,1,0
42,9,1,2,0
42,10,0,0,0
42,10,0,1,0
42,10,0,2,0
42,10,1,0,0
42,10,1,1,0
42,10,1,2,0
43,0,0,0,0
43,0,0,1,0
43,0,0,2,0
43,0,1,0,0
43,0,1,1,0
43,0,1,2,0
43,1,0,0,0
43,1,0,1,0
43,1,0,2,0
43,1,1,0,0
43,1,1,1,0
43,1,1,2,0
43,2,0,0,0
43,2,0,1,0
43,2,0,2,0
43,2,1,0,0
43,2,1,1,0
43,2,1,2,0
43,3,0,0,0
43,3,0,1,0
43,3,0,2,0
43,3,1,0,0
43,3,1,1,0
43,3,1,2,0
43,4,0,0,0
43,4,0,1,0
43,4,0,2,0
43,4,1,0,0
43,4,1,1,0
43,4,1,2,0
43,5,0,0,0
43,5,0,1,0
43,5,0,2,0
43,5,1,0,0
43,5,1,1,0
43,5,1,2,0
43,6,0,0,0
43,6,0,1,0
43,6,0,2,0
43,6,1,0,0
43,6,1,1,0
43,6,1,2,0
43,7,0,0,0
43,7,0,1,0
43,7,0,2,0
43,7,1,0,0
43,7,1,1,0
43,7,1,2,0
43,8,0,0,0
43,8,0,1,0
43,8,0,2,0
43,8,1,0,0
43,8,1,1,0
43,8,1,2,0
43,9,0,0,0
43,9,0,1,0
43,9,0,2,0
43,9,1,0,0
43,9,1,1,0
43,9,1,2,0
43,10,0,0,0
43,10,0,1,0
43,10,0,2,0
43,10,1,0,0
43,10,1,1,0
43,10,1,2,0
44,0,0,0,0
44,0,0,1,0
44,0,0,2,0
44,0,1,0,0
44,0,1,1,0
44,0,1,2,0
44,1,0,0,0
44,1,0,1,0
44,1,0,2,0
44,1,1,0,0
44,1,1,1,0
44,1,1,2,0
44,2,0,0,0
44,2,0,1,0
44,2,0,2,0
44,2,1,0,0
44,2,1,1,0
44,2,1,2,0
44,3,0,0,0
44,3,0,1,0
44,3,0,2,0
44,3,1,0,0
44,3,1,1,0
44,3,1,2,0
44,4,0,0,0
44,4,0,1,0
44,4,0,2,0
44,4,1,0,0
44,4,1,1,0
44,4,1,2,0
44,5,0,0,0
44,5,0,1,0
44,5,0,2,0
44,5,1,0,0
44,5,1,1,0
44,5,1,2,0
44,6,0,0,0
44,6,0,1,0
44,6,0,2,0
44,6,1,0,0
44,6,1,1,0
44,6,1,2,0
44,7,0,0,0
44,7,0,1,0
44,7,0,2,0
44,7,1,0,0
44,7,1,1,0
44,7,1,2,0
44,8,0,0,0
44,8,0,1,0
44,8,0,2,0
44,8,1,0,0
44,8,1,1,0
44,8,1,2,0
44,9,0,0,0
44,9,0,1,0
44,9,0,2,0
44,9,1,0,0
44,9,1,1,0
44,9,1,2,0
44,10,0,0,0
44,10,0,1,0
44,10,0,2,0
44,10,1,0,0
44,10,1,1,0
44,10,1,2,0
45,0,0,0,0
45,0,0,1,0
45,0,0,2,0
45,0,1,0,0
45,0,1,1,0
45,0,1,2,0
45,1,0,0,0
45,1,0,1,0
45,1,0,2,0
45,1,1,0,0
45,1,1,1,0
45,1,1,2,0
45,2,0,0,0
45,2,0,1,0
45,2,0,2,0
45,2,1,0,0
45,2,1,1,0
45,2,1,2,0
45,3,0,0,0
45,3,0,1,1
45,3,0,2,0
45,3,1,0,0
45,3,1,1,0
45,3,1,2,0
45,4,0,0,0
45,4,0,1,1
45,4,0,2,0
45,4,1,0,0
45,4,1,1,0
45,4,1,2,0
45,5,0,0,0
45,5,0,1,1
45,5,0,2,0
45,5,1,0,0
45,5,1,1,0
45,5,1,2,0
45,6,0,0,0
45,6,0,1,1
45,6,0,2,0
45,6,1,0,0
45,6,1,1,0
45,6,1,2,0
45,7,0,0,0
45,7,0,1,1
45,7,0,2,0
45,7,1,0,0
45,7,1,1,0
45,7,1,2,0
45,8,0,0,0
45,8,0,1,1
45,8,0,2,0
45,8,1,0,0
45,8,1,1,0
45,8,1,2,0
45,9,0,0,0
45,9,0,1,1
45,9,0,2,0
45,9,1,0,0
45,9,1,1,0
45,9,1,2,0
45,10,0,0,0
45,10,0,1,1
45,10,0,2,0
45,10,1,0,0
45,10,1,1,0
45,10,1,2,0
46,0,0,0,0
46,0,0,1,0
46,0,0,2,0
46,0,1,0,0
46,0,1,1,0
46,0,1,2,0
46,1,0,0,0
46,1,0,1,0
46,1,0,2,0
46,1,1,0,0
46,1,1,1,0
46,1,1,2,0
46,2,0,0,0
46,2,0,1,0
46,2,0,2,0
46,2,1,0,0
46,2,1,1,0
46,2,1,2,0
46,3,0,0,0
46,3,0,1,0
46,3,0,2,0
46,3,1,0,0
46,3,1,1,0
46,3,1,2,0
46,4,0,0,0
46,4,0,1,0
46,4,0,2,0
46,4,1,0,0
46,4,1,1,0
46,4,1,2,0
46,5,0,0,0
46,5,0,1,0
46,5,0,2,0
46,5,1,0,0
46,5,1,1,0
46,5,1,2,0
46,6,0,0,0
46,6,0,1,0
46,6,0,2,0
46,6,1,0,0
46,6,1,1,0
46,6,1,2,0
46,7,0,0,0
46,7,0,1,0
46,7,0,2,0
46,7,1,0,0
46,7,1,1,0
46,7,1,2,0
46,8,0,0,0
46,8,0,1,0
46,8,0,2,0
46,8,1,0,0
46,8,1,1,0
46,8,1,2,0
46,9,0,0,0
46,9,0,1,0
46,9,0,2,0
46,9,1,0,0
46,9,1,1,0
46,9,1,2,0
46,10,0,0,0
46,10,0,1,0
46,10,0,2,0
46,10,1,0,0
46,10,1,1,0
46,10,1,2,0
47,0,0,0,0
47,0,0,1,0
47,0,0,2,0
47,0,1,0,0
47,0,1,1,0
47,0,1,2,0
47,1,0,0,0
47,1,0,1,0
47,1,0,2,0
47,1,1,0,0
47,1,1,1,0
47,1,1,2,0
47,2,0,0,0
47,2,0,1,0
47,2,0,2,0
47,2,1,0,0
47,2,1,1,0
47,2,1,2,0
47,3,0,0,0
47,3,0,1,0
47,3,0,2,0
47,3,1,0,0
47,3,1,1,0
47,3,1,2,0
47,4,0,0,0
47,4,0,1,0
47,4,0,2,0
47,4,1,0,0
47,4,1,1,0
47,4,1,2,0
47,5,0,0,0
47,5,0,1,0
47,5,0,2,0
47,5,1,0,0
47,5,1,1,0
47,5,1,2,0
47,6,0,0,0
47,6,0,1,0
47,6,0,2,0
47,6,1,0,0
47,6,1,1,0
47,6,1,2,0
47,7,0,0,0
47,7,0,1,0
47,7,0,2,0
47,7,1,0,0
47,7,1,1,0
47,7,1,2,0
47,8,0,0,0
47,8,0,1,0
47,8,0,2,0
47,8,1,0,0
47,8,1,1,0
47,8,1,2,0
47,9,0,0,0
47,9,0,1,0
47,9,0,2,0
47,9,1,0,0
47,9,1,1,0
47,9,1,2,0
47,10,0,0,0
47,10,0,1,0
47,10,0,2,0
47,10,1,0,0
47,10,1,1,0
47,10,1,2,0
48,0,0,0,0
48,0,0,1,0
48,0,0,2,0
48,0,1,0,0
48,0,1,1,0
48,0,1,2,0
48,1,0,0,0
48,1,0,1,0
48,1,0,2,0
48,1,1,0,0
48,1,1,1,0
48,1,1,2,0
48,2,0,0,0
48,2,0,1,0
48,2,0,2,0
48,2,1,0,0
48,2,1,1,0
48,2,1,2,0
48,3,0,0,0
48,3,0,1,0
48,3,0,2,0
48,3,1,0,0
48,3,1,1,0
48,3,1,2,0
48,4,0,0,0
48,4,0,1,0
48,4,0,2,0
48,4,1,0,0
48,4,1,1,0
48,4,1,2,0
48,5,0,0,0
48,5,0,1,0
48,5,0,2,0
48,5,1,0,0
48,5,1,1,0
48,5,1,2,0
48,6,0,0,0
48,6,0,1,0
48,6,0,2,0
48,6,1,0,0
48,6,1,1,0
48,6,1,2,0
48,7,0,0,0
48,7,0,1,0
48,7,0,2,0
48,7,1,0,0
48,7,1,1,0
48,7,1,2,0
48,8,0,0,0
48,8,0,1,0
48,8,0,2,0
48,8,1,0,0
48,8,1,1,0
48,8,1,2,0
48,9,0,0,0
48,9,0,1,0
48,9,0,2,0
48,9,1,0,0
48,9,1,1,0
48,9,1,2,0
48,10,0,0,0
48,10,0,1,0
48,10,0,2,0
48,10,1,0,0
48,10,1,1,0
48,10,1,2,0
49,0,0,0,0
49,0,0,1,0
49,0,0,2,0
49,0,1,0,0
49,0,1,1,0
49,0,1,2,0
49,1,0,0,0
49,1,0,1,0
49,1,0,2,0
49,1,1,0,0
49,1,1,1,0
49,1,1,2,0
49,2,0,0,0
49,2,0,1,0
49,2,0,2,0
49,2,1,0,0
49,2,1,1,0
49,2,1,2,0
49,3,0,0,0
49,3,0,1,0
49,3,0,2,0
49,3,1,0,0
49,3,1,1,0
49,3,1,2,0
49,4,0,0,0
49,4,0,1,0
49,4,0,2,0
49,4,1,0,0
49,4,1,1,0
49,4,1,2,0
49,5,0,0,0
49,5,0,1,0
49,5,0,2,0
49,5,1,0,0
49,5,1,1,0
49,5,1,2,0
49,6,0,0,0
49,6,0,1,0
49,6,0,2,0
49,6,1,0,0
49,6,1,1,0
49,6,1,2,0
49,7,0,0,0
49,7,0,1,0
49,7,0,2,0
49,7,1,0,0
49,7,1,1,0
49,7,1,2,0
49,8,0,0,0
49,8,0,1,0
49,8,0,2,0
49,8,1,0,0
49,8,1,1,0
49,8,1,2,0
49,9,0,0,0
49,9,0,1,0
49,9,0,2,0
49,9,1,0,0
49,9,1,1,0
49,9,1,2,0
49,10,0,0,0
49,10,0,1,0
49,10,0,2,0
49,10,1,0,0
49,10,1,1,0
49,10,1,2,0
50,0,0,0,0
50,0,0,1,0
50,0,0,2,0
50,0,1,0,0
50,0,1,1,0
50,0,1,2,0
50,1,0,0,0
50,1,0,1,0
50,1,0,2,0
50,1,1,0,0
50,1,1,1,0
50,1,1,2,0
50,2,0,0,0
50,2,0,1,0
50,2,0,2,0
50,2,1,0,0
50,2,1,1,0
50,2,1,2,0
50,3,0,0,0
50,3,0,1,0
50,3,0,2,0
50,3,1,0,0
50,3,1,1,0
50,3,1,2,0
50,4,0,0,0
50,4,0,1,0
50,4,0,2,0
50,4,1,0,0
50,4,1,1,0
50,4,1,2,0
50,5,0,0,0
50,5,0,1,0
50,5,0,2,0
50,5,1,0,0
50,5,1,1,0
50,5,1,2,0
50,6,0,0,0
50,6,0,1,0
50,6,0,2,0
50,6,1,0,0
50,6,1,1,0
50,6,1,2,0
50,7,0,0,0
50,7,0,1,0
50,7,0,2,0
50,7,1,0,0
50,7,1,1,0
50,7,1,2,0
50,8,0,0,0
50,8,0,1,0
50,8,0,2,0
50,8,1,0,0
50,8,1,1,0
50,8,1,2,0
50,9,0,0,0
50,9,0,1,0
50,9,0,2,0
50,9,1,0,0
50,9,1,1,0
50,9,1,2,0
50,10,0,0,0
50,10,0,1,0
50,10,0,2,0
50,10,1,0,0
50,10,1,1,0
50,10,1,2,0
51,0,0,0,0
51,0,0,1,0
51,0,0,2,0
51,0,1,0,0
51,0,1,1,0
51,0,1,2,0
51,1,0,0,0
51,1,0,1,0
51,1,0,2,0
51,1,1,0,0
51,1,1,1,0
51,1,1,2,0
51,2,0,0,0
51,2,0,1,0
51,2,0,2,0
51,2,1,0,0
51,2,1,1,0
51,2,1,2,0
51,3,0,0,0
51,3,0,1,0
51,3,0,2,0
51,3,1,0,0
51,3,1,1,0
51,3,1,2,0
51,4,0,0,0
51,4,0,1,0
51,4,0,2,0
51,4,1,0,0
51,4,1,1,0
51,4,1,2,0
51,5,0,0,0
51,5,0,1,0
51,5,0,2,0
51,5,1,0,0
51,5,1,1,0
51,5,1,2,0
51,6,0,0,0
51,6,0,1,0
51,6,0,2,0
51,6,1,0,0
51,6,1,1,0
51,6,1,2,0
51,7,0,0,0
51,7,0,1,0
51,7,0,2,0
51,7,1,0,0
51,7,1,1,0
51,7,1,2,0
51,8,0,0,0
51,8,0,1,0
51,8,0,2,0
51,8,1,0,0
51,8,1,1,0
51,8,1,2,0
51,9,0,0,0
51,9,0,1,0
51,9,0,2,0
51,9,1,0,0
51,9,1,1,0
51,9,1,2,0
51,10,0,0,0
51,10,0,1,0
51,10,0,2,0
51,10,1,0,0
51,10,1,1,0
51,10,1,2,0
52,0,0,0,0
52,0,0,1,0
52,0,0,2,0
52,0,1,0,0
52,0,1,1,0
52,0,1,2,0
52,1,0,0,0
52,1,0,1,0
52,1,0,2,0
52,1,1,0,0
52,1,1,1,0
52,1,1,2,0
52,2,0,0,0
52,2,0,1,0
52,2,0,2,0
52,2,1,0,0
52,2,1,1,0
52,2,1,2,0
52,3,0,0,0
52,3,0,1,0
52,3,0,2,0
52,3,1,0,0
52,3,1,1,0
52,3,1,2,0
52,4,0,0,0
52,4,0,1,0
52,4,0,2,0
52,4,1,0,0
52,4,1,1,0
52,4,1,2,0
52,5,0,0,0
52,5,0,1,0
52,5,0,2,0
52,5,1,0,0
52,5,1,1,0
52,5,1,2,0
52,6,0,0,0
52,6,0,1,0
52,6,0,2,0
52,6,1,0,0
52,6,1,1,0
52,6,1,2,0
52,7,0,0,0
52,7,0,1,0
52,7,0,2,0
52,7,1,0,0
52,7,1,1,0
52,7,1,2,0
52,8,0,0,0
52,8,0,1,0
52,8,0,2,0
52,8,1,0,0
52,8,1,1,0
52,8,1,2,0
52,9,0,0,0
52,9,0,1,0
52,9,0,2,0
52,9,1,0,0
52,9,1,1,0
52,9,1,2,0
52,10,0,0,0
52,10,0,1,0
52,10,0,2,0
52,10,1,0,0
52,10,1,1,0
52,10,1,2,0
53,0,0,0,0
53,0,0,1,0
53,0,0,2,0
53,0,1,0,0
53,0,1,1,0
53,0,1,2,0
53,1,0,0,0
53,1,0,1,0
53,1,0,2,0
53,1,1,0,0
53,1,1,1,0
53,1,1,2,0
53,2,0,0,0
53,2,0,1,0
53,2,0,2,0
53,2,1,0,0
53,2,1,1,0
53,2,1,2,0
53,3,0,0,0
53,3,0,1,0
53,3,0,2,0
53,3,1,0,0
53,3,1,1,0
53,3,1,2,0
53,4,0,0,0
53,4,0,1,0
53,4,0,2,0
53,4,1,0,0
53,4,1,1,0
53,4,1,2,0
53,5,0,0,0
53,5,0,1,0
53,5,0,2,0
53,5,1,0,0
53,5,1,1,0
53,5,1,2,0
53,6,0,0,0
53,6,0,1,0
53,6,0,2,0
53,6,1,0,0
53,6,1,1,0
53,6,1,2,0
53,7,0,0,0
53,7,0,1,0
53,7,0,2,0
53,7,1,0,0
53,7,1,1,0
53,7,1,2,0
53,8,0,0,0
53,8,0,1,0
53,8,0,2,0
53,8,1,0,0
53,8,1,1,0
53,8,1,2,0
53,9,0,0,0
53,9,0,1,0
53,9,0,2,0
53,9,1,0,0
53,9,1,1,0
53,9,1,2,0
53,10,0,0,0
53,10,0,1,0
53,10,0,2,0
53,10,1,0,0
53,10,1,1,0
53,10,1,2,0
54,0,0,0,0
54,0,0,1,0
54,0,0,2,0
54,0,1,0,0
54,0,1,1,0
54,0,1,2,0
54,1,0,0,0
54,1,0,1,0
54,1,0,2,0
54,1,1,0,0
54,1,1,1,0
54,1,1,2,0
54,2,0,0,0
54,2,0,1,0
54,2,0,2,0
54,2,1,0,0
54,2,1,1,0
54,2,1,2,0
54,3,0,0,0
54,3,0,1,0
54,3,0,2,0
54,3,1,0,0
54,3,1,1,0
54,3,1,2,0
54,4,0,0,0
54,4,0,1,0
54,4,0,2,0
54,4,1,0,0
54,4,1,1,0
54,4,1,2,0
54,5,0,0,0
54,5,0,1,0
54,5,0,2,0
54,5,1,0,0
54,5,1,1,0
54,5,1,2,0
54,6,0,0,0
54,6,0,1,0
54,6,0,2,0
54,6,1,0,0
54,6,1,1,0
54,6,1,2,0
54,7,0,0,0
54,7,0,1,0
54,7,0,2,0
54,7,1,0,0
54,7,1,1,0
54,7,1,2,0
54,8,0,0,0
54,8,0,1,0
54,8,0,2,0
54,8,1,0,0
54,8,1,1,0
54,8,1,2,0
54,9,0,0,0
54,9,0,1,0
54,9,0,2,0
54,9,1,0,0
54,9,1,1,0
54,9,1,2,0
54,10,0,0,0
54,10,0,1,0
54,10,0,2,0
54,10,1,0,0
54,10,1,1,0
54,10,1,2,0
55,0,0,0,0
55,0,0,1,0
55,0,0,2,0
55,0,1,0,0
55,0,1,1,0
55,0,1,2,0
55,1,0,0,0
55,1,0,1,0
55,1,0,2,0
55,1,1,0,0
55,1,1,1,0
55,1,1,2,0
55,2,0,0,0
55,2,0,1,0
55,2,0,2,0
55,2,1,0,0
55,2,1,1,0
55,2,1,2,0
55,3,0,0,0
55,3,0,1,0
55,3,0,2,0
55,3,1,0,0
55,3,1,1,0
55,3,1,2,0
55,4,0,0,0
55,4,0,1,0
55,4,0,2,0
55,4,1,0,0
55,4,1,1,0
55,4,1,2,0
55,5,0,0,0
55,5,0,1,0
55,5,0,2,0
55,5,1,0,0
55,5,1,1,0
55,5,1,2,0
55,6,0,0,0
55,6,0,1,0
55,6,0,2,0
55,6,1,0,0
55,6,1,1,0
55,6,1,2,0
55,7,0,0,0
55,7,0,1,0
55,7,0,2,0
55,7,1,0,0
55,7,1,1,0
55,7,1,2,0
55,8,0,0,0
55,8,0,1,0
55,8,0,2,0
55,8,1,0,0
55,8,1,1,0
55,8,1,2,0
55,9,0,0,0
55,9,0,1,0
55,9,0,2,0
55,9,1,0,0
55,9,1,1,0
55,9,1,2,0
55,10,0,0,0
55,10,0,1,0
55,10,0,2,0
55,10,1,0,0
55,10,1,1,0
55,10,1,2,0
56,0,0,0,0
56,0,0,1,0
56,0,0,2,0
56,0,1,0,0
56,0,1,1,0
56,0,1,2,0
56,1,0,0,0
56,1,0,1,0
56,1,0,2,0
56,1,1,0,0
56,1,1,1,0
56,1,1,2,0
56,2,0,0,0
56,2,0,1,0
56,2,0,2,0
56,2,1,0,0
56,2,1,1,0
56,2,1,2,0
56,3,0,0,0
56,3,0,1,0
56,3,0,2,0
56,3,1,0,0
56,3,1,1,0
56,3,1,2,0
56,4,0,0,0
56,4,0,1,0
56,4,0,2,0
56,4,1,0,0
56,4,1,1,0
56,4,1,2,0
56,5,0,0,0
56,5,0,1,0
56,5,0,2,0
56,5,1,0,0
56,5,1,1,0
56,5,1,2,0
56,6,0,0,0
56,6,0,1,0
56,6,0,2,0
56,6,1,0,0
56,6,1,1,0
56,6,1,2,0
56,7,0,0,0
56,7,0,1,0
56,7,0,2,0
56,7,1,0,0
56,7,1,1,0
56,7,1,2,0
56,8,0,0,0
56,8,0,1,0
56,8,0,2,0
56,8,1,0,0
56,8,1,1,0
56,8,1,2,0
56,9,0,0,0
56,9,0,1,0
56,9,0,2,0
56,9,1,0,0
56,9,1,1,0
56,9,1,2,0
56,10,0,0,0
56,10,0,1,0
56,10,0,2,0
56,10,1,0,0
56,10,1,1,0
56,10,1,2,0
57,0,0,0,0
57,0,0,1,0
57,0,0,2,0
57,0,1,0,0
57,0,1,1,0
57,0,1,2,0
57,1,0,0,0
57,1,0,1,0
57,1,0,2,0
57,1,1,0,0
57,1,1,1,0
57,1,1,2,0
57,2,0,0,0
57,2,0,1,0
57,2,0,2,0
57,2,1,0,0
57,2,1,1,0
57,2,1,2,0
57,3,0,0,0
57,3,0,1,0
57,3,0,2,0
57,3,1,0,0
57,3,1,1,0
57,3,1,2,0
57,4,0,0,0
57,4,0,1,0
57,4,0,2,0
57,4,1,0,0
57,4,1,1,0
57,4,1,2,0
57,5,0,0,0
57,5,0,1,0
57,5,0,2,0
57,5,1,0,0
57,5,1,1,0
57,5,1,2,0
57,6,0,0,0
57,6,0,1,0
57,6,0,2,0
57,6,1,0,0
57,6,1,1,0
57,6,1,2,0
57,7,0,0,0
57,7,0,1,0
57,7,0,2,0
57,7,1,0,0
57,7,1,1,0
57,7,1,2,0
57,8,0,0,0
57,8,0,1,0
57,8,0,2,0
57,8,1,0,0
57,8,1,1,0
57,8,1,2,0
57,9,0,0,0
57,9,0,1,0
57,9,0,2,0
57,9,1,0,0
57,9,1,1,0
57,9,1,2,0
57,10,0,0,0
57,10,0,1,0
57,10,0,2,0
57,10,1,0,0
57,10,1,1,0
57,10,1,2,0
58,0,0,0,0
58,0,0,1,0
58,0,0,2,0
58,0,1,0,0
58,0,1,1,0
58,0,1,2,0
58,1,0,0,0
58,1,0,1,0
58,1,0,2,0
58,1,1,0,0
58,1,1,1,0
58,1,1,2,0
58,2,0,0,0
58,2,0,1,0
58,2,0,2,0
58,2,1,0,0
58,2,1,1,0
58,2,1,2,0
58,3,0,0,0
58,3,0,1,0
58,3,0,2,0
58,3,1,0,0
58,3,1,1,0
58,3,1,2,0
58,4,0,0,0
58,4,0,1,0
58,4,0,2,0
58,4,1,0,0
58,4,1,1,0
58,4,1,2,0
58,5,0,0,0
58,5,0,1,0
58,5,0,2,0
58,5,1,0,0
58,5,1,1,0
58,5,1,2,0
58,6,0,0,0
58,6,0,1,0
58,6,0,2,0
58,6,1,0,0
58,6,1,1,0
58,6,1,2,0
58,7,0,0,0
58,7,0,1,0
58,7,0,2,0
58,7,1,0,0
58,7,1,1,0
58,7,1,2,0
58,8,0,0,0
58,8,0,1,0
58,8,0,2,0
58,8,1,0,0
58,8,1,1,0
58,8,1,2,0
58,9,0,0,0
58,9,0,1,0
58,9,0,2,0
58,9,1,0,0
58,9,1,1,0
58,9,1,2,0
58,10,0,0,0
58,10,0,1,0
58,10,0,2,0
58,10,1,0,0
58,10,1,1,0
58,10,1,2,0
59,0,0,0,0
59,0,0,1,0
59,0,0,2,0
59,0,1,0,0
59,0,1,1,0
59,0,1,2,0
59,1,0,0,0
59,1,0,1,0
59,1,0,2,0
59,1,1,0,0
59,1,1,1,0
59,1,1,2,0
59,2,0,0,0
59,2,0,1,0
59,2,0,2,0
59,2,1,0,0
59,2,1,1,0
59,2,1,2,0
59,3,0,0,0
59,3,0,1,0
59,3,0,2,0
59,3,1,0,0
59,3,1,1,0
59,3,1,2,0
59,4,0,0,0
59,4,0,1,0
59,4,0,2,0
59,4,1,0,0
59,4,1,1,0
59,4,1,2,0
59,5,0,0,0
59,5,0,1,0
59,5,0,2,0
59,5,1,0,0
59,5,1,1,0
59,5,1,2,0
59,6,0,0,0
59,6,0,1,0
59,6,0,2,0
59,6,1,0,0
59,6,1,1,0
59,6,1,2,0
59,7,0,0,0
59,7,0,1,0
59,7,0,2,0
59,7,1,0,0
59,7,1,1,0
59,7,1,2,0
59,8,0,0,0
59,8,0,1,0
59,8,0,2,0
59,8,1,0,0
59,8,1,1,0
59,8,1,2,0
59,9,0,0,0
59,9,0,1,0
59,9,0,2,0
59,9,1,0,0
59,9,1,1,0
59,9,1,2,0
59,10,0,0,0
59,10,0,1,0
59,10,0,2,0
59,10,1,0,0
59,10,1,1,0
59,10,1,2,0
60,0,0,0,0
60,0,0,1,0
60,0,0,2,0
60,0,1,0,0
60,0,1,1,0
60,0,1,2,0
60,1,0,0,0
60,1,0,1,0
60,1,0,2,0
60,1,1,0,0
60,1,1,1,0
60,1,1,2,0
60,2,0,0,0
60,2,0,1,0
60,2,0,2,0
60,2,1,0,0
60,2,1,1,0
60,2,1,2,0
60,3,0,0,0
60,3,0,1,0
60,3,0,2,0
60,3,1,0,0
60,3,1,1,0
60,3,1,2,0
60,4,0,0,0
60,4,0,1,0
60,4,0,2,0
60,4,1,0,0
60,4,1,1,0
60,4,1,2,0
60,5,0,0,0
60,5,0,1,0
60,5,0,2,0
60,5,1,0,0
60,5,1,1,0
60,5,1,2,0
60,6,0,0,0
60,6,0,1,0
60,6,0,2,0
60,6,1,0,0
60,6,1,1,0
60,6,1,2,0
60,7,0,0,0
60,7,0,1,0
60,7,0,2,0
60,7,1,0,0
60,7,1,1,0
60,7,1,2,0
60,8,0,0,0
60,8,0,1,0
60,8,0,2,0
60,8,1,0,0
60,8,1,1,0
60,8,1,2,0
60,9,0,0,0
60,9,0,1,0
60,9,0,2,0
60,9,1,0,0
60,9,1,1,0
60,9,1,2,0
60,10,0,0,0
60,10,0,1,0
60,10,0,2,0
60,10,1,0,0
60,10,1,1,0
60,10,1,2,0
61,0,0,0,0
61,0,0,1,0
61,0,0,2,0
61,0,1,0,0
61,0,1,1,0
61,0,1,2,0
61,1,0,0,0
61,1,0,1,0
61,1,0,2,0
61,1,1,0,0
61,1,1,1,0
61,1,1,2,0
61,2,0,0,0
61,2,0,1,0
61,2,0,2,0
61,2,1,0,0
61,2,1,1,0
61,2,1,2,0
61,3,0,0,0
61,3,0,1,0
61,3,0,2,0
61,3,1,0,0
61,3,1,1,0
61,3,1,2,0
61,4,0,0,0
61,4,0,1,0
61,4,0,2,0
61,4,1,0,0
61,4,1,1,0
61,4,1,2,0
61,5,0,0,0
61,5,0,1,0
61,5,0,2,0
61,5,1,0,0
61,5,1,1,0
61,5,1,2,0
61,6,0,0,0
61,6,0,1,0
61,6,0,2,0
61,6,1,0,0
61,6,1,1,0
61,6,1,2,0
61,7,0,0,0
61,7,0,1,0
61,7,0,2,0
61,7,1,0,0
61,7,1,1,0
61,7,1,2,0
61,8,0,0,0
61,8,0,1,0
61,8,0,2,0
61,8,1,0,0
61,8,1,1,0
61,8,1,2,0
61,9,0,0,0
61,9,0,1,0
61,9,0,2,0
61,9,1,0,0
61,9,1,1,0
61,9,1,2,0
61,10,0,0,0
61,10,0,1,0
61,10,0,2,0
61,10,1,0,0
61,10,1,1,0
61,10,1,2,0
62,0,0,0,0
62,0,0,1,0
62,0,0,2,0
62,0,1,0,0
62,0,1,1,0
62,0,1,2,0
62,1,0,0,0
62,1,0,1,0
62,1,0,2,0
62,1,1,0,0
62,1,1,1,0
62,1,1,2,0
62,2,0,0,0
62,2,0,1,0
62,2,0,2,0
62,2,1,0,0
62,2,1,1,0
62,2,1,2,0
62,3,0,0,0
62,3,0,1,0
62,3,0,2,0
62,3,1,0,1
62,3,1,1,0
62,3,1,2,0
62,4,0,0,0
62,4,0,1,0
62,4,0,2,0
62,4,1,0,1
62,4,1,1,0
62,4,1,2,0
62,5,0,0,0
62,5,0,1,0
62,5,0,2,0
62,5,1,0,1
62,5,1,1,0
62,5,1,2,0
62,6,0,0,0
62,6,0,1,0
62,6,0,2,0
62,6,1,0,1
62,6,1,1,0
62,6,1,2,0
62,7,0,0,0
62,7,0,1,0
62,7,0,2,0
62,7,1,0,1
62,7,1,1,0
62,7,1,2,0
62,8,0,0,0
62,8,0,1,0
62,8,0,2,0
62,8,1,0,1
62,8,1,1,0
62,8,1,2,0
62,9,0,0,0
62,9,0,1,0
62,9,0,2,0
62,9,1,0,1
62,9,1,1,0
62,9,1,2,0
62,10,0,0,0
62,10,0,1,0
62,10,0,2,0
62,10,1,0,1
62,10,1,1,0
62,10,1,2,0
63,0,0,0,0
63,0,0,1,0
63,0,0,2,0
63,0,1,0,0
63,0,1,1,0
63,0,1,2,0
63,1,0,0,0
63,1,0,1,0
63,1,0,2,0
63,1,1,0,0
63,1,1,1,0
63,1,1,2,0
63,2,0,0,0
63,2,0,1,0
63,2,0,2,0
63,2,1,0,0
63,2,1,1,0
63,2,1,2,0
63,3,0,0,0
63,3,0,1,0
63,3,0,2,0
63,3,1,0,0
63,3,1,1,0
63,3,1,2,0
63,4,0,0,0
63,4,0,1,0
63,4,0,2,0
63,4,1,0,0
63,4,1,1,0
63,4,1,2,0
63,5,0,0,0
63,5,0,1,0
63,5,0,2,0
63,5,1,0,0
63,5,1,1,0
63,5,1,2,0
63,6,0,0,0
63,6,0,1,0
63,6,0,2,0
63,6,1,0,0
63,6,1,1,0
63,6,1,2,0
63,7,0,0,0
63,7,0,1,0
63,7,0,2,0
63,7,1,0,0
63,7,1,1,0
63,7,1,2,0
63,8,0,0,0
63,8,0,1,0
63,8,0,2,0
63,8,1,0,0
63,8,1,1,0
63,8,1,2,0
63,9,0,0,0
63,9,0,1,0
63,9,0,2,0
63,9,1,0,0
63,9,1,1,0
63,9,1,2,0
63,10,0,0,0
63,10,0,1,0
63,10,0,2,0
63,10,1,0,0
63,10,1,1,0
63,10,1,2,0
64,0,0,0,0
64,0,0,1,0
64,0,0,2,0
64,0,1,0,0
64,0,1,1,0
64,0,1,2,0
64,1,0,0,0
64,1,0,1,0
64,1,0,2,0
64,1,1,0,0
64,1,1,1,0
64,1,1,2,0
64,2,0,0,0
64,2,0,1,0
64,2,0,2,0
64,2,1,0,0
64,2,1,1,0
64,2,1,2,0
64,3,0,0,0
64,3,0,1,0
64,3,0,2,0
64,3,1,0,0
64,3,1,1,0
64,3,1,2,0
64,4,0,0,0
64,4,0,1,0
64,4,0,2,0
64,4,1,0,0
64,4,1,1,0
64,4,1,2,0
64,5,0,0,0
64,5,0,1,0
64,5,0,2,0
64,5,1,0,0
64,5,1,1,0
64,5,1,2,0
64,6,0,0,0
64,6,0,1,0
64,6,0,2,0
64,6,1,0,0
64,6,1,1,0
64,6,1,2,0
64,7,0,0,0
64,7,0,1,0
64,7,0,2,0
64,7,1,0,0
64,7,1,1,0
64,7,1,2,0
64,8,0,0,0
64,8,0,1,0
64,8,0,2,0
64,8,1,0,0
64,8,1,1,0
64,8,1,2,0
64,9,0,0,0
64,9,0,1,0
64,9,0,2,0
64,9,1,0,0
64,9,1,1,0
64,9,1,2,0
64,10,0,0,0
64,10,0,1,0
64,10,0,2,0
64,10,1,0,0
64,10,1,1,0
64,10,1,2,0
65,0,0,0,0
65,0,0,1,0
65,0,0,2,0
65,0,1,0,0
65,0,1,1,0
65,0,1,2,0
65,1,0,0,0
65,1,0,1,0
65,1,0,2,0
65,1,1,0,0
65,1,1,1,0
65,1,1,2,0
65,2,0,0,0
65,2,0,1,0
65,2,0,2,0
65,2,1,0,0
65,2,1,1,0
65,2,1,2,0
65,3,0,0,0
65,3,0,1,0
65,3,0,2,0
65,3,1,0,0
65,3,1,1,0
65,3,1,2,0
65,4,0,0,0
65,4,0,1,0
65,4,0,2,0
65,4,1,0,0
65,4,1,1,0
65,4,1,2,0
65,5,0,0,0
65,5,0,1,0
65,5,0,2,0
65,5,1,0,0
65,5,1,1,0
65,5,1,2,0
65,6,0,0,0
65,6,0,1,0
65,6,0,2,0
65,6,1,0,0
65,6,1,1,0
65,6,1,2,0
65,7,0,0,0
65,7,0,1,0
65,7,0,2,0
65,7,1,0,0
65,7,1,1,0
65,7,1,2,0
65,8,0,0,0
65,8,0,1,0
65,8,0,2,0
65,8,1,0,0
65,8,1,1,0
65,8,1,2,0
65,9,0,0,0
65,9,0,1,0
65,9,0,2,0
65,9,1,0,0
65,9,1,1,0
65,9,1,2,0
65,10,0,0,0
65,10,0,1,0
65,10,0,2,0
65,10,1,0,0
65,10,1,1,0
65,10,1,2,0
66,0,0,0,0
66,0,0,1,0
66,0,0,2,0
66,0,1,0,0
66,0,1,1,0
66,0,1,2,0
66,1,0,0,0
66,1,0,1,0
66,1,0,2,0
66,1,1,0,0
66,1,1,1,0
66,1,1,2,0
66,2,0,0,0
66,2,0,1,0
66,2,0,2,0
66,2,1,0,0
66,2,1,1,0
66,2,1,2,0
66,3,0,0,0
66,3,0,1,0
66,3,0,2,0
66,3,1,0,0
66,3,1,1,1
66,3,1,2,0
66,4,0,0,0
66,4,0,1,0
66,4,0,2,0
66,4,1,0,0
66,4,1,1,1
66,4,1,2,0
66,5,0,0,0
66,5,0,1,0
66,5,0,2,0
66,5,1,0,0
66,5,1,1,1
66,5,1,2,0
66,6,0,0,0
66,6,0,1,0
66,6,0,2,0
66,6,1,0,0
66,6,1,1,1
66,6,1,2,0
66,7,0,0,0
66,7,0,1,0
66,7,0,2,0
66,7,1,0,0
66,7,1,1,1
66,7,1,2,0
66,8,0,0,0
66,8,0,1,0
66,8,0,2,0
66,8,1,0,0
66,8,1,1,1
66,8,1,2,0
66,9,0,0,0
66,9,0,1,0
66,9,0,2,0
66,9,1,0,0
66,9,1,1,1
66,9,1,2,0
66,10,0,0,0
66,10,0,1,0
66,10,0,2,0
66,10,1,0,0
66,10,1,1,1
66,10,1,2,0
67,0,0,0,0
67,0,0,1,0
67,0,0,2,0
67,0,1,0,0
67,0,1,1,0
67,0,1,2,0
67,1,0,0,0
67,1,0,1,0
67,1,0,2,0
67,1,1,0,0
67,1,1,1,0
67,1,1,2,0
67,2,0,0,0
67,2,0,1,0
67,2,0,2,0
67,2,1,0,0
67,2,1,1,0
67,2,1,2,0
67,3,0,0,0
67,3,0,1,0
67,3,0,2,0
67,3,1,0,0
67,3,1,1,0
67,3,1,2,0
67,4,0,0,0
67,4,0,1,0
67,4,0,2,0
67,4,1,0,0
67,4,1,1,0
67,4,1,2,0
67,5,0,0,0
67,5,0,1,0
67,5,0,2,0
67,5,1,0,0
67,5,1,1,0
67,5,1,2,0
67,6,0,0,0
67,6,0,1,0
67,6,0,2,0
67,6,1,0,0
67,6,1,1,0
67,6,1,2,0
67,7,0,0,0
67,7,0,1,0
67,7,0,2,0
67,7,1,0,0
67,7,1,1,0
67,7,1,2,0
67,8,0,0,0
67,8,0,1,0
67,8,0,2,0
67,8,1,0,0
67,8,1,1,0
67,8,1,2,0
67,9,0,0,0
67,9,0,1,0
67,9,0,2,0
67,9,1,0,0
67,9,1,1,0
67,9,1,2,0
67,10,0,0,0
67,10,0,1,0
67,10,0,2,0
67,10,1,0,0
67,10,1,1,0
67,10,1,2,0
68,0,0,0,0
68,0,0,1,0
68,0,0,2,0
68,0,1,0,0
68,0,1,1,0
68,0,1,2,0
68,1,0,0,0
68,1,0,1,0
68,1,0,2,0
68,1,1,0,0
68,1,1,1,0
68,1,1,2,0
68,2,0,0,0
68,2,0,1,0
68,2,0,2,0
68,2,1,0,0
68,2,1,1,0
68,2,1,2,0
68,3,0,0,0
68,3,0,1,0
68,3,0,2,0
68,3,1,0,0
68,3,1,1,0
68,3,1,2,0
68,4,0,0,0
68,4,0,1,0
68,4,0,2,0
68,4,1,0,0
68,4,1,1,0
68,4,1,2,0
68,5,0,0,0
68,5,0,1,0
68,5,0,2,0
68,5,1,0,0
68,5,1,1,0
68,5,1,2,0
68,6,0,0,0
68,6,0,1,0
68,6,0,2,0
68,6,1,0,0
68,6,1,1,0
68,6,1,2,0
68,7,0,0,0
68,7,0,1,0
68,7,0,2,0
68,7,1,0,0
68,7,1,1,0
68,7,1,2,0
68,8,0,0,0
68,8,0,1,0
68,8,0,2,0
68,8,1,0,0
68,8,1,1,0
68,8,1,2,0
68,9,0,0,0
68,9,0,1,0
68,9,0,2,0
68,9,1,0,0
68,9,1,1,0
68,9,1,2,0
68,10,0,0,0
68,10,0,1,0
68,10,0,2,0
68,10,1,0,0
68,10,1,1,0
68,10,1,2,0
69,0,0,0,0
69,0,0,1,0
69,0,0,2,0
69,0,1,0,0
69,0,1,1,0
69,0,1,2,0
69,1,0,0,0
69,1,0,1,0
69,1,0,2,0
69,1,1,0,0
69,1,1,1,0
69,1,1,2,0
69,2,0,0,0
69,2,0,1,0
69,2,0,2,0
69,2,1,0,0
69,2,1,1,0
69,2,1,2,0
69,3,0,0,0
69,3,0,1,0
69,3,0,2,0
69,3,1,0,0
69,3,1,1,0
69,3,1,2,0
69,4,0,0,0
69,4,0,1,0
69,4,0,2,0
69,4,1,0,0
69,4,1,1,0
69,4,1,2,0
69,5,0,0,0
69,5,0,1,0
69,5,0,2,0
69,5,1,0,0
69,5,1,1,0
69,5,1,2,0
69,6,0,0,0
69,6,0,1,0
69,6,0,2,0
69,6,1,0,0
69,6,1,1,0
69,6,1,2,0
69,7,0,0,0
69,7,0,1,0
69,7,0,2,0
69,7,1,0,0
69,7,1,1,0
69,7,1,2,0
69,8,0,0,0
69,8,0,1,0
69,8,0,2,0
69,8,1,0,0
69,8,1,1,0
69,8,1,2,0
69,9,0,0,0
69,9,0,1,0
69,9,0,2,0
69,9,1,0,0
69,9,1,1,0
69,9,1,2,0
69,10,0,0,0
69,10,0,1,0
69,10,0,2,0
69,10,1,0,0
69,10,1,1,0
69,10,1,2,0
70,0,0,0,0
70,0,0,1,0
70,0,0,2,0
70,0,1,0,0
70,0,1,1,0
70,0,1,2,0
70,1,0,0,0
70,1,0,1,0
70,1,0,2,0
70,1,1,0,0
70,1,1,1,0
70,1,1,2,0
70,2,0,0,0
70,2,0,1,0
70,2,0,2,0
70,2,1,0,0
70,2,1,1,0
70,2,1,2,0
70,3,0,0,0
70,3,0,1,0
70,3,0,2,0
70,3,1,0,0
70,3,1,1,0
70,3,1,2,0
70,4,0,0,0
70,4,0,1,0
70,4,0,2,0
70,4,1,0,0
70,4,1,1,0
70,4,1,2,0
70,5,0,0,0
70,5,0,1,0
70,5,0,2,0
70,5,1,0,0
70,5,1,1,0
70,5,1,2,0
70,6,0,0,0
70,6,0,1,0
70,6,0,2,0
70,6,1,0,0
70,6,1,1,0
70,6,1,2,0
70,7,0,0,0
70,7,0,1,0
70,7,0,2,0
70,7,1,0,0
70,7,1,1,0
70,7,1,2,0
70,8,0,0,0
70,8,0,1,0
70,8,0,2,0
70,8,1,0,0
70,8,1,1,0
70,8,1,2,0
70,9,0,0,0
70,9,0,1,0
70,9,0,2,0
70,9,1,0,0
70,9,1,1,0
70,9,1,2,0
70,10,0,0,0
70,10,0,1,0
70,10,0,2,0
70,10,1,0,0
70,10,1,1,0
70,10,1,2,0
71,0,0,0,0
71,0,0,1,0
71,0,0,2,0
71,0,1,0,0
71,0,1,1,0
71,0,1,2,0
71,1,0,0,0
71,1,0,1,0
71,1,0,2,0
71,1,1,0,0
71,1,1,1,0
71,1,1,2,0
71,2,0,0,0
71,2,0,1,0
71,2,0,2,0
71,2,1,0,0
71,2,1,1,0
71,2,1,2,0
71,3,0,0,0
71,3,0,1,0
71,3,0,2,0
71,3,1,0,0
71,3,1,1,0
71,3,1,2,0
71,4,0,0,0
71,4,0,1,0
71,4,0,2,0
71,4,1,0,0
71,4,1,1,0
71,4,1,2,0
71,5,0,0,0
71,5,0,1,0
71,5,0,2,0
71,5,1,0,0
71,5,1,1,0
71,5,1,2,0
71,6,0,0,0
71,6,0,1,0
71,6,0,2,0
71,6,1,0,0
71,6,1,1,0
71,6,1,2,0
71,7,0,0,0
71,7,0,1,0
71,7,0,2,0
71,7,1,0,0
71,7,1,1,0
71,7,1,2,0
71,8,0,0,0
71,8,0,1,0
71,8,0,2,0
71,8,1,0,0
71,8,1,1,0
71,8,1,2,0
71,9,0,0,0
71,9,0,1,0
71,9,0,2,0
71,9,1,0,0
71,9,1,1,0
71,9,1,2,0
71,10,0,0,0
71,10,0,1,0
71,10,0,2,0
71,10,1,0,0
71,10,1,1,0
71,10,1,2,0
72,0,0,0,0
72,0,0,1,0
72,0,0,2,0
72,0,1,0,0
72,0,1,1,0
72,0,1,2,0
72,1,0,0,0
72,1,0,1,0
72,1,0,2,0
72,1,1,0,0
72,1,1,1,0
72,1,1,2,0
72,2,0,0,0
72,2,0,1,0
72,2,0,2,0
72,2,1,0,0
72,2,1,1,0
72,2,1,2,0
72,3,0,0,1
72,3,0,1,0
72,3,0,2,0
72,3,1,0,0
72,3,1,1,0
72,3,1,2,0
72,4,0,0,1
72,4,0,1,0
72,4,0,2,0
72,4,1,0,0
72,4,1,1,0
72,4,1,2,0
72,5,0,0,1
72,5,0,1,0
72,5,0,2,0
72,5,1,0,0
72,5,1,1,0
72,5,1,2,0
72,6,0,0,1
72,6,0,1,0
72,6,0,2,0
72,6,1,0,0
72,6,1,1,0
72,6,1,2,0
72,7,0,0,1
72,7,0,1,0
72,7,0,2,0
72,7,1,0,0
72,7,1,1,0
72,7,1,2,0
72,8,0,0,1
72,8,0,1,0
72,8,0,2,0
72,8,1,0,0
72,8,1,1,0
72,8,1,2,0
72,9,0,0,1
72,9,0,1,0
72,9,0,2,0
72,9,1,0,0
72,9,1,1,0
72,9,1,2,0
72,10,0,0,1
72,10,0,1,0
72,10,0,2,0
72,10,1,0,0
72,10,1,1,0
72,10,1,2,0
73,0,0,0,0
73,0,0,1,0
73,0,0,2,0
73,0,1,0,0
73,0,1,1,0
73,0,1,2,0
73,1,0,0,0
73,1,0,1,0
73,1,0,2,0
73,1,1,0,0
73,1,1,1,0
73,1,1,2,0
73,2,0,0,0
73,2,0,1,0
73,2,0,2,0
73,2,1,0,0
73,2,1,1,0
73,2,1,2,0
73,3,0,0,0
73,3,0,1,0
73,3,0,2,0
73,3,1,0,0
73,3,1,1,0
73,3,1,2,0
73,4,0,0,0
73,4,0,1,0
73,4,0,2,0
73,4,1,0,0
73,4,1,1,0
73,4,1,2,0
73,5,0,0,0
73,5,0,1,0
73,5,0,2,0
73,5,1,0,0
73,5,1,1,0
73,5,1,2,0
73,6,0,0,0
73,6,0,1,0
73,6,0,2,0
73,6,1,0,0
73,6,1,1,0
73,6,1,2,0
73,7,0,0,0
73,7,0,1,0
73,7,0,2,0
73,7,1,0,0
73,7,1,1,0
73,7,1,2,0
73,8,0,0,0
73,8,0,1,0
73,8,0,2,0
73,8,1,0,0
73,8,1,1,0
73,8,1,2,0
73,9,0,0,0
73,9,0,1,0
73,9,0,2,0
73,9,1,0,0
73,9,1,1,0
73,9,1,2,0
73,10,0,0,0
73,10,0,1,0
73,10,0,2,0
73,10,1,0,0
73,10,1,1,0
73,10,1,2,0
74,0,0,0,0
74,0,0,1,0
74,0,0,2,0
74,0,1,0,0
74,0,1,1,0
74,0,1,2,0
74,1,0,0,0
74,1,0,1,0
74,1,0,2,0
74,1,1,0,0
74,1,1,1,0
74,1,1,2,0
74,2,0,0,0
74,2,0,1,0
74,2,0,2,0
74,2,1,0,0
74,2,1,1,0
74,2,1,2,0
74,3,0,0,0
74,3,0,1,0
74,3,0,2,0
74,3,1,0,0
74,3,1,1,0
74,3,1,2,0
74,4,0,0,0
74,4,0,1,0
74,4,0,2,0
74,4,1,0,0
74,4,1,1,0
74,4,1,2,0
74,5,0,0,0
74,5,0,1,0
74,5,0,2,0
74,5,1,0,0
74,5,1,1,0
74,5,1,2,0
74,6,0,0,0
74,6,0,1,0
74,6,0,2,0
74,6,1,0,0
74,6,1,1,0
74,6,1,2,0
74,7,0,0,0
74,7,0,1,0
74,7,0,2,0
74,7,1,0,0
74,7,1,1,0
74,7,1,2,0
74,8,0,0,0
74,8,0,1,0
74,8,0,2,0
74,8,1,0,0
74,8,1,1,0
74,8,1,2,0
74,9,0,0,0
74,9,0,1,0
74,9,0,2,0
74,9,1,0,0
74,9,1,1,0
74,9,1,2,0
74,10,0,0,0
74,10,0,1,0
74,10,0,2,0
74,10,1,0,0
74,10,1,1,0
74,10,1,2,0
75,0,0,0,0
75,0,0,1,0
75,0,0,2,0
75,0,1,0,0
75,0,1,1,0
75,0,1,2,0
75,1,0,0,0
75,1,0,1,0
75,1,0,2,0
75,1,1,0,0
75,1,1,1,0
75,1,1,2,0
75,2,0,0,0
75,2,0,1,0
75,2,0,2,0
75,2,1,0,0
75,2,1,1,0
75,2,1,2,0
75,3,0,0,0
75,3,0,1,0
75,3,0,2,0
75,3,1,0,0
75,3,1,1,0
75,3,1,2,0
75,4,0,0,0
75,4,0,1,0
75,4,0,2,0
75,4,1,0,0
75,4,1,1,0
75,4,1,2,0
75,5,0,0,0
75,5,0,1,0
75,5,0,2,0
75,5,1,0,0
75,5,1,1,0
75,5,1,2,0
75,6,0,0,0
75,6,0,1,0
75,6,0,2,0
75,6,1,0,0
75,6,1,1,0
75,6,1,2,0
75,7,0,0,0
75,7,0,1,0
75,7,0,2,0
75,7,1,0,0
75,7,1,1,0
75,7,1,2,0
75,8,0,0,0
75,8,0,1,0
75,8,0,2,0
75,8,1,0,0
75,8,1,1,0
75,8,1,2,0
75,9,0,0,0
75,9,0,1,0
75,9,0,2,0
75,9,1,0,0
75,9,1,1,0
75,9,1,2,0
75,10,0,0,0
75,10,0,1,0
75,10,0,2,0
75,10,1,0,0
75,10,1,1,0
75,10,1,2,0
76,0,0,0,0
76,0,0,1,0
76,0,0,2,0
76,0,1,0,0
76,0,1,1,0
76,0,1,2,0
76,1,0,0,0
76,1,0,1,0
76,1,0,2,0
76,1,1,0,0
76,1,1,1,0
76,1,1,2,0
76,2,0,0,0
76,2,0,1,0
76,2,0,2,0
76,2,1,0,0
76,2,1,1,0
76,2,1,2,0
76,3,0,0,0
76,3,0,1,1
76,3,0,2,0
76,3,1,0,0
76,3,1,1,0
76,3,1,2,0
76,4,0,0,0
76,4,0,1,1
76,4,0,2,0
76,4,1,0,0
76,4,1,1,0
76,4,1,2,0
76,5,0,0,0
76,5,0,1,1
76,5,0,2,0
76,5,1,0,0
76,5,1,1,0
76,5,1,2,0
76,6,0,0,0
76,6,0,1,1
76,6,0,2,0
76,6,1,0,0
76,6,1,1,0
76,6,1,2,0
76,7,0,0,0
76,7,0,1,1
76,7,0,2,0
76,7,1,0,0
76,7,1,1,0
76,7,1,2,0
76,8,0,0,0
76,8,0,1,1
76,8,0,2,0
76,8,1,0,0
76,8,1,1,0
76,8,1,2,0
76,9,0,0,0
76,9,0,1,1
76,9,0,2,0
76,9,1,0,0
76,9,1,1,0
76,9,1,2,0
76,10,0,0,0
76,10,0,1,1
76,10,0,2,0
76,10,1,0,0
76,10,1,1,0
76,10,1,2,0
77,0,0,0,0
77,0,0,1,0
77,0,0,2,0
77,0,1,0,0
77,0,1,1,0
77,0,1,2,0
77,1,0,0,0
77,1,0,1,0
77,1,0,2,0
77,1,1,0,0
77,1,1,1,0
77,1,1,2,0
77,2,0,0,0
77,2,0,1,0
77,2,0,2,0
77,2,1,0,0
77,2,1,1,0
77,2,1,2,0
77,3,0,0,0
77,3,0,1,0
77,3,0,2,0
77,3,1,0,0
77,3,1,1,0
77,3,1,2,0
77,4,0,0,0
77,4,0,1,0
77,4,0,2,0
77,4,1,0,0
77,4,1,1,0
77,4,1,2,0
77,5,0,0,0
77,5,0,1,0
77,5,0,2,0
77,5,1,0,0
77,5,1,1,0
77,5,1,2,0
77,6,0,0,0
77,6,0,1,0
77,6,0,2,0
77,6,1,0,0
77,6,1,1,0
77,6,1,2,0
77,7,0,0,0
77,7,0,1,0
77,7,0,2,0
77,7,1,0,0
77,7,1,1,0
77,7,1,2,0
77,8,0,0,0
77,8,0,1,0
77,8,0,2,0
77,8,1,0,0
77,8,1,1,0
77,8,1,2,0
77,9,0,0,0
77,9,0,1,0
77,9,0,2,0
77,9,1,0,0
77,9,1,1,0
77,9,1,2,0
77,10,0,0,0
77,10,0,1,0
77,10,0,2,0
77,10,1,0,0
77,10,1,1,0
77,10,1,2,0
78,0,0,0,0
78,0,0,1,0
78,0,0,2,0
78,0,1,0,0
78,0,1,1,0
78,0,1,2,0
78,1,0,0,0
78,1,0,1,0
78,1,0,2,0
78,1,1,0,0
78,1,1,1,0
78,1,1,2,0
78,2,0,0,0
78,2,0,1,0
78,2,0,2,0
78,2,1,0,0
78,2,1,1,0
78,2,1,2,0
78,3,0,0,0
78,3,0,1,0
78,3,0,2,0
78,3,1,0,0
78,3,1,1,0
78,3,1,2,0
78,4,0,0,0
78,4,0,1,0
78,4,0,2,0
78,4,1,0,0
78,4,1,1,0
78,4,1,2,0
78,5,0,0,0
78,5,0,1,0
78,5,0,2,0
78,5,1,0,0
78,5,1,1,0
78,5,1,2,0
78,6,0,0,0
78,6,0,1,0
78,6,0,2,0
78,6,1,0,0
78,6,1,1,0
78,6,1,2,0
78,7,0,0,0
78,7,0,1,0
78,7,0,2,0
78,7,1,0,0
78,7,1,1,0
78,7,1,2,0
78,8,0,0,0
78,8,0,1,0
78,8,0,2,0
78,8,1,0,0
78,8,1,1,0
78,8,1,2,0
78,9,0,0,0
78,9,0,1,0
78,9,0,2,0
78,9,1,0,0
78,9,1,1,0
78,9,1,2,0
78,10,0,0,0
78,10,0,1,0
78,10,0,2,0
78,10,1,0,0
78,10,1,1,0
78,10,1,2,0
79,0,0,0,0
79,0,0,1,0
79,0,0,2,0
79,0,1,0,0
79,0,1,1,0
79,0,1,2,0
79,1,0,0,0
79,1,0,1,0
79,1,0,2,0
79,1,1,0,0
79,1,1,1,0
79,1,1,2,0
79,2,0,0,0
79,2,0,1,0
79,2,0,2,0
79,2,1,0,0
79,2,1,1,0
79,2,1,2,0
79,3,0,0,0
79,3,0,1,0
79,3,0,2,0
79,3,1,0,0
79,3,1,1,0
79,3,1,2,0
79,4,0,0,0
79,4,0,1,0
79,4,0,2,0
79,4,1,0,0
79,4,1,1,0
79,4,1,2,0
79,5,0,0,0
79,5,0,1,0
79,5,0,2,0
79,5,1,0,0
79,5,1,1,0
79,5,1,2,0
79,6,0,0,0
79,6,0,1,0
79,6,0,2,0
79,6,1,0,0
79,6,1,1,0
79,6,1,2,0
79,7,0,0,0
79,7,0,1,0
79,7,0,2,0
79,7,1,0,0
79,7,1,1,0
79,7,1,2,0
79,8,0,0,0
79,8,0,1,0
79,8,0,2,0
79,8,1,0,0
79,8,1,1,0
79,8,1,2,0
79,9,0,0,0
79,9,0,1,0
79,9,0,2,0
79,9,1,0,0
79,9,1,1,0
79,9,1,2,0
79,10,0,0,0
79,10,0,1,0
79,10,0,2,0
79,10,1,0,0
79,10,1,1,0
79,10,1,2,0
80,0,0,0,0
80,0,0,1,0
80,0,0,2,0
80,0,1,0,0
80,0,1,1,0
80,0,1,2,0
80,1,0,0,0
80,1,0,1,0
80,1,0,2,0
80,1,1,0,0
80,1,1,1,0
80,1,1,2,0
80,2,0,0,0
80,2,0,1,0
80,2,0,2,0
80,2,1,0,0
80,2,1,1,0
80,2,1,2,0
80,3,0,0,0
80,3,0,1,0
80,3,0,2,0
80,3,1,0,1
80,3,1,1,0
80,3,1,2,0
80,4,0,0,0
80,4,0,1,0
80,4,0,2,0
80,4,1,0,1
80,4,1,1,0
80,4,1,2,0
80,5,0,0,0
80,5,0,1,0
80,5,0,2,0
80,5,1,0,1
80,5,1,1,0
80,5,1,2,0
80,6,0,0,0
80,6,0,1,0
80,6,0,2,0
80,6,1,0,1
80,6,1,1,0
80,6,1,2,0
80,7,0,0,0
80,7,0,1,0
80,7,0,2,0
80,7,1,0,1
80,7,1,1,0
80,7,1,2,0
80,8,0,0,0
80,8,0,1,0
80,8,0,2,0
80,8,1,0,1
80,8,1,1,0
80,8,1,2,0
80,9,0,0,0
80,9,0,1,0
80,9,0,2,0
80,9,1,0,1
80,9,1,1,0
80,9,1,2,0
80,10,0,0,0
80,10,0,1,0
80,10,0,2,0
80,10,1,0,1
80,10,1,1,0
80,10,1,2,0
