age,history,risk_class,action
40,0,0,0
40,0,1,0
40,0,2,0
40,0,3,0
40,0,4,0
40,1,0,0
40,1,1,0
40,1,2,0
40,1,3,0
40,1,4,0
40,2,0,0
40,2,1,0
40,2,2,0
40,2,3,0
40,2,4,0
40,3,0,1
40,3,1,1
40,3,2,0
40,3,3,0
40,3,4,1
40,4,0,1
40,4,1,1
40,4,2,0
40,4,3,0
40,4,4,1
40,5,0,1
40,5,1,1
40,5,2,0
40,5,3,0
40,5,4,1
40,6,0,1
40,6,1,1
40,6,2,0
40,6,3,0
40,6,4,1
40,7,0,1
40,7,1,1
40,7,2,0
40,7,3,0
40,7,4,1
40,8,0,1
40,8,1,1
40,8,2,0
40,8,3,0
40,8,4,1
40,9,0,1
40,9,1,1
40,9,2,0
40,9,3,0
40,9,4,1
40,10,0,1
40,10,1,1
40,10,2,0
40,10,3,0
40,10,4,1
41,0,0,0
41,0,1,0
41,0,2,0
41,0,3,0
41,0,4,0
41,1,0,0
41,1,1,0
41,1,2,0
41,1,3,0
41,1,4,0
41,2,0,0
41,2,1,0
41,2,2,0
41,2,3,0
41,2,4,0
41,3,0,1
41,3,1,1
41,3,2,0
41,3,3,1
41,3,4,0
41,4,0,1
41,4,1,1
41,4,2,0
41,4,3,1
41,4,4,0
41,5,0,1
41,5,1,1
41,5,2,0
41,5,3,1
41,5,4,0
41,6,0,1
41,6,1,1
41,6,2,0
41,6,3,1
41,6,4,0
41,7,0,1
41,7,1,1
41,7,2,0
41,7,3,1
41,7,4,0
41,8,0,1
41,8,1,1
41,8,2,0
41,8,3,1
41,8,4,0
41,9,0,1
41,9,1,1
41,9,2,0
41,9,3,1
41,9,4,0
41,10,0,1
41,10,1,1
41,10,2,0
41,10,3,1
41,10,4,0
42,0,0,0
42,0,1,0
42,0,2,0
42,0,3,0
42,0,4,0
42,1,0,0
42,1,1,0
42,1,2,0
42,1,3,0
42,1,4,0
42,2,0,0
42,2,1,0
42,2,2,0
42,2,3,0
42,2,4,0
42,3,0,1
42,3,1,1
42,3,2,0
42,3,3,0
42,3,4,0
42,4,0,1
42,4,1,1
42,4,2,0
42,4,3,0
42,4,4,0
42,5,0,1
42,5,1,1
42,5,2,0
42,5,3,0
42,5,4,0
42,6,0,1
42,6,1,1
42,6,2,0
42,6,3,0
42,6,4,0
42,7,0,1
42,7,1,1
42,7,2,0
42,7,3,0
42,7,4,0
42,8,0,1
42,8,1,1
42,8,2,0
42,8,3,0
42,8,4,0
42,9,0,1
42,9,1,1
42,9,2,0
42,9,3,0
42,9,4,0
42,10,0,1
42,10,1,1
42,10,2,0
42,10,3,0
42,10,4,0
43,0,0,0
43,0,1,0
43,0,2,0
43,0,3,0
43,0,4,0
43,1,0,0
43,1,1,0
43,1,2,0
43,1,3,0
43,1,4,0
43,2,0,0
43,2,1,0
43,2,2,0
43,2,3,0
43,2,4,0
43,3,0,1
43,3,1,1
43,3,2,1
43,3,3,0
43,3,4,0
43,4,0,1
43,4,1,1
43,4,2,1
43,4,3,0
43,4,4,0
43,5,0,1
43,5,1,1
43,5,2,1
43,5,3,0
43,5,4,0
43,6,0,1
43,6,1,1
43,6,2,1
43,6,3,0
43,6,4,0
43,7,0,1
43,7,1,1
43,7,2,1
43,7,3,0
43,7,4,0
43,8,0,1
43,8,1,1
43,8,2,1
43,8,3,0
43,8,4,0
43,9,0,1
43,9,1,1
43,9,2,1
43,9,3,0
43,9,4,0
43,10,0,1
43,10,1,1
43,10,2,1
43,10,3,0
43,10,4,0
44,0,0,0
44,0,1,0
44,0,2,0
44,0,3,0
44,0,4,0
44,1,0,0
44,1,1,0
44,1,2,0
44,1,3,0
44,1,4,0
44,2,0,0
44,2,1,0
44,2,2,0
44,2,3,0
44,2,4,0
44,3,0,1
44,3,1,0
44,3,2,0
44,3,3,0
44,3,4,1
44,4,0,1
44,4,1,0
44,4,2,0
44,4,3,0
44,4,4,1
44,5,0,1
44,5,1,0
44,5,2,0
44,5,3,0
44,5,4,1
44,6,0,1
44,6,1,0
44,6,2,0
44,6,3,0
44,6,4,1
44,7,0,1
44,7,1,0
44,7,2,0
44,7,3,0
44,7,4,1
44,8,0,1
44,8,1,0
44,8,2,0
44,8,3,0
44,8,4,1
44,9,0,1
44,9,1,0
44,9,2,0
44,9,3,0
44,9,4,1
44,10,0,1
44,10,1,0
44,10,2,0
44,10,3,0
44,10,4,1
45,0,0,0
45,0,1,0
45,0,2,0
45,0,3,0
45,0,4,0
45,1,0,0
45,1,1,0
45,1,2,0
45,1,3,0
45,1,4,0
45,2,0,0
45,2,1,0
45,2,2,0
45,2,3,0
45,2,4,0
45,3,0,1
45,3,1,0
45,3,2,0
45,3,3,1
45,3,4,0
45,4,0,1
45,4,1,0
45,4,2,0
45,4,3,1
45,4,4,0
45,5,0,1
45,5,1,0
45,5,2,0
45,5,3,1
45,5,4,0
45,6,0,1
45,6,1,0
45,6,2,0
45,6,3,1
45,6,4,0
45,7,0,1
45,7,1,0
45,7,2,0
45,7,3,1
45,7,4,0
45,8,0,1
45,8,1,0
45,8,2,0
45,8,3,1
45,8,4,0
45,9,0,1
45,9,1,0
45,9,2,0
45,9,3,1
45,9,4,0
45,10,0,1
45,10,1,0
45,10,2,0
45,10,3,1
45,10,4,0
46,0,0,0
46,0,1,0
46,0,2,0
46,0,3,0
46,0,4,0
46,1,0,0
46,1,1,0
46,1,2,0
46,1,3,0
46,1,4,0
46,2,0,0
46,2,1,0
46,2,2,0
46,2,3,0
46,2,4,0
46,3,0,1
46,3,1,0
46,3,2,0
46,3,3,0
46,3,4,0
46,4,0,1
46,4,1,0
46,4,2,0
46,4,3,0
46,4,4,0
46,5,0,1
46,5,1,0
46,5,2,0
46,5,3,0
46,5,4,0
46,6,0,1
46,6,1,0
46,6,2,0
46,6,3,0
46,6,4,0
46,7,0,1
46,7,1,0
46,7,2,0
46,7,3,0
46,7,4,0
46,8,0,1
46,8,1,0
46,8,2,0
46,8,3,0
46,8,4,0
46,9,0,1
46,9,1,0
46,9,2,0
46,9,3,0
46,9,4,0
46,10,0,1
46,10,1,0
46,10,2,0
46,10,3,0
46,10,4,0
47,0,0,0
47,0,1,0
47,0,2,0
47,0,3,0
47,0,4,0
47,1,0,0
47,1,1,0
47,1,2,0
47,1,3,0
47,1,4,0
47,2,0,0
47,2,1,0
47,2,2,0
47,2,3,0
47,2,4,0
47,3,0,1
47,3,1,1
47,3,2,1
47,3,3,0
47,3,4,0
47,4,0,1
47,4,1,1
47,4,2,1
47,4,3,0
47,4,4,0
47,5,0,1
47,5,1,1
47,5,2,1
47,5,3,0
47,5,4,0
47,6,0,1
47,6,1,1
47,6,2,1
47,6,3,0
47,6,4,0
47,7,0,1
47,7,1,1
47,7,2,1
47,7,3,0
47,7,4,0
47,8,0,1
47,8,1,1
47,8,2,1
47,8,3,0
47,8,4,0
47,9,0,1
47,9,1,1
47,9,2,1
47,9,3,0
47,9,4,0
47,10,0,1
47,10,1,1
47,10,2,1
47,10,3,0
47,10,4,0
48,0,0,0
48,0,1,0
48,0,2,0
48,0,3,0
48,0,4,0
48,1,0,0
48,1,1,0
48,1,2,0
48,1,3,0
48,1,4,0
48,2,0,0
48,2,1,0
48,2,2,0
48,2,3,0
48,2,4,0
48,3,0,1
48,3,1,0
48,3,2,0
48,3,3,0
48,3,4,1
48,4,0,1
48,4,1,0
48,4,2,0
48,4,3,0
48,4,4,1
48,5,0,1
48,5,1,0
48,5,2,0
48,5,3,0
48,5,4,1
48,6,0,1
48,6,1,0
48,6,2,0
48,6,3,0
48,6,4,1
48,7,0,1
48,7,1,0
48,7,2,0
48,7,3,0
48,7,4,1
48,8,0,1
48,8,1,0
48,8,2,0
48,8,3,0
48,8,4,1
48,9,0,1
48,9,1,0
48,9,2,0
48,9,3,0
48,9,4,1
48,10,0,1
48,10,1,0
48,10,2,0
48,10,3,0
48,10,4,1
49,0,0,0
49,0,1,0
49,0,2,0
49,0,3,0
49,0,4,0
49,1,0,0
49,1,1,0
49,1,2,0
49,1,3,0
49,1,4,0
49,2,0,0
49,2,1,0
49,2,2,0
49,2,3,0
49,2,4,0
49,3,0,0
49,3,1,0
49,3,2,0
49,3,3,1
49,3,4,0
49,4,0,0
49,4,1,0
49,4,2,0
49,4,3,1
49,4,4,0
49,5,0,0
49,5,1,0
49,5,2,0
49,5,3,1
49,5,4,0
49,6,0,0
49,6,1,0
49,6,2,0
49,6,3,1
49,6,4,0
49,7,0,0
49,7,1,0
49,7,2,0
49,7,3,1
49,7,4,0
49,8,0,0
49,8,1,0
49,8,2,0
49,8,3,1
49,8,4,0
49,9,0,0
49,9,1,0
49,9,2,0
49,9,3,1
49,9,4,0
49,10,0,0
49,10,1,0
49,10,2,0
49,10,3,1
49,10,4,0
50,0,0,0
50,0,1,0
50,0,2,0
50,0,3,0
50,0,4,0
50,1,0,0
50,1,1,0
50,1,2,0
50,1,3,0
50,1,4,0
50,2,0,0
50,2,1,0
50,2,2,0
50,2,3,0
50,2,4,0
50,3,0,1
50,3,1,0
50,3,2,0
50,3,3,0
50,3,4,0
50,4,0,1
50,4,1,0
50,4,2,0
50,4,3,0
50,4,4,0
50,5,0,1
50,5,1,0
50,5,2,0
50,5,3,0
50,5,4,0
50,6,0,1
50,6,1,0
50,6,2,0
50,6,3,0
50,6,4,0
50,7,0,1
50,7,1,0
50,7,2,0
50,7,3,0
50,7,4,0
50,8,0,1
50,8,1,0
50,8,2,0
50,8,3,0
50,8,4,0
50,9,0,1
50,9,1,0
50,9,2,0
50,9,3,0
50,9,4,0
50,10,0,1
50,10,1,0
50,10,2,0
50,10,3,0
50,10,4,0
51,0,0,0
51,0,1,0
51,0,2,0
51,0,3,0
51,0,4,0
51,1,0,0
51,1,1,0
51,1,2,0
51,1,3,0
51,1,4,0
51,2,0,0
51,2,1,0
51,2,2,0
51,2,3,0
51,2,4,0
51,3,0,1
51,3,1,1
51,3,2,1
51,3,3,0
51,3,4,0
51,4,0,1
51,4,1,1
51,4,2,1
51,4,3,0
51,4,4,0
51,5,0,1
51,5,1,1
51,5,2,1
51,5,3,0
51,5,4,0
51,6,0,1
51,6,1,1
51,6,2,1
51,6,3,0
51,6,4,0
51,7,0,1
51,7,1,1
51,7,2,1
51,7,3,0
51,7,4,0
51,8,0,1
51,8,1,1
51,8,2,1
51,8,3,0
51,8,4,0
51,9,0,1
51,9,1,1
51,9,2,1
51,9,3,0
51,9,4,0
51,10,0,1
51,10,1,1
51,10,2,1
51,10,3,0
51,10,4,0
52,0,0,0
52,0,1,0
52,0,2,0
52,0,3,0
52,0,4,0
52,1,0,0
52,1,1,0
52,1,2,0
52,1,3,0
52,1,4,0
52,2,0,0
52,2,1,0
52,2,2,0
52,2,3,0
52,2,4,0
52,3,0,1
52,3,1,0
52,3,2,0
52,3,3,0
52,3,4,1
52,4,0,1
52,4,1,0
52,4,2,0
52,4,3,0
52,4,4,1
52,5,0,1
52,5,1,0
52,5,2,0
52,5,3,0
52,5,4,1
52,6,0,1
52,6,1,0
52,6,2,0
52,6,3,0
52,6,4,1
52,7,0,1
52,7,1,0
52,7,2,0
52,7,3,0
52,7,4,1
52,8,0,1
52,8,1,0
52,8,2,0
52,8,3,0
52,8,4,1
52,9,0,1
52,9,1,0
52,9,2,0
52,9,3,0
52,9,4,1
52,10,0,1
52,10,1,0
52,10,2,0
52,10,3,0
52,10,4,1
53,0,0,0
53,0,1,0
53,0,2,0
53,0,3,0
53,0,4,0
53,1,0,0
53,1,1,0
53,1,2,0
53,1,3,0
53,1,4,0
53,2,0,0
53,2,1,0
53,2,2,0
53,2,3,0
53,2,4,0
53,3,0,0
53,3,1,0
53,3,2,0
53,3,3,1
53,3,4,0
53,4,0,0
53,4,1,0
53,4,2,0
53,4,3,1
53,4,4,0
53,5,0,0
53,5,1,0
53,5,2,0
53,5,3,1
53,5,4,0
53,6,0,0
53,6,1,0
53,6,2,0
53,6,3,1
53,6,4,0
53,7,0,0
53,7,1,0
53,7,2,0
53,7,3,1
53,7,4,0
53,8,0,0
53,8,1,0
53,8,2,0
53,8,3,1
53,8,4,0
53,9,0,0
53,9,1,0
53,9,2,0
53,9,3,1
53,9,4,0
53,10,0,0
53,10,1,0
53,10,2,0
53,10,3,1
53,10,4,0
54,0,0,0
54,0,1,0
54,0,2,0
54,0,3,0
54,0,4,0
54,1,0,0
54,1,1,0
54,1,2,0
54,1,3,0
54,1,4,0
54,2,0,0
54,2,1,0
54,2,2,0
54,2,3,0
54,2,4,0
54,3,0,0
54,3,1,0
54,3,2,0
54,3,3,0
54,3,4,0
54,4,0,0
54,4,1,0
54,4,2,0
54,4,3,0
54,4,4,0
54,5,0,0
54,5,1,0
54,5,2,0
54,5,3,0
54,5,4,0
54,6,0,0
54,6,1,0
54,6,2,0
54,6,3,0
54,6,4,0
54,7,0,0
54,7,1,0
54,7,2,0
54,7,3,0
54,7,4,0
54,8,0,0
54,8,1,0
54,8,2,0
54,8,3,0
54,8,4,0
54,9,0,0
54,9,1,0
54,9,2,0
54,9,3,0
54,9,4,0
54,10,0,0
54,10,1,0
54,10,2,0
54,10,3,0
54,10,4,0
55,0,0,0
55,0,1,0
55,0,2,0
55,0,3,0
55,0,4,0
55,1,0,0
55,1,1,0
55,1,2,0
55,1,3,0
55,1,4,0
55,2,0,0
55,2,1,0
55,2,2,0
55,2,3,0
55,2,4,0
55,3,0,0
55,3,1,1
55,3,2,1
55,3,3,0
55,3,4,0
55,4,0,0
55,4,1,1
55,4,2,1
55,4,3,0
55,4,4,0
55,5,0,0
55,5,1,1
55,5,2,1
55,5,3,0
55,5,4,0
55,6,0,0
55,6,1,1
55,6,2,1
55,6,3,0
55,6,4,0
55,7,0,0
55,7,1,1
55,7,2,1
55,7,3,0
55,7,4,0
55,8,0,0
55,8,1,1
55,8,2,1
55,8,3,0
55,8,4,0
55,9,0,0
55,9,1,1
55,9,2,1
55,9,3,0
55,9,4,0
55,10,0,0
55,10,1,1
55,10,2,1
55,10,3,0
55,10,4,0
56,0,0,0
56,0,1,0
56,0,2,0
56,0,3,0
56,0,4,0
56,1,0,0
56,1,1,0
56,1,2,0
56,1,3,0
56,1,4,0
56,2,0,0
56,2,1,0
56,2,2,0
56,2,3,0
56,2,4,0
56,3,0,1
56,3,1,0
56,3,2,0
56,3,3,0
56,3,4,1
56,4,0,1
56,4,1,0
56,4,2,0
56,4,3,0
56,4,4,1
56,5,0,1
56,5,1,0
56,5,2,0
56,5,3,0
56,5,4,1
56,6,0,1
56,6,1,0
56,6,2,0
56,6,3,0
56,6,4,1
56,7,0,1
56,7,1,0
56,7,2,0
56,7,3,0
56,7,4,1
56,8,0,1
56,8,1,0
56,8,2,0
56,8,3,0
56,8,4,1
56,9,0,1
56,9,1,0
56,9,2,0
56,9,3,0
56,9,4,1
56,10,0,1
56,10,1,0
56,10,2,0
56,10,3,0
56,10,4,1
57,0,0,0
57,0,1,0
57,0,2,0
57,0,3,0
57,0,4,0
57,1,0,0
57,1,1,0
57,1,2,0
57,1,3,0
57,1,4,0
57,2,0,0
57,2,1,0
57,2,2,0
57,2,3,0
57,2,4,0
57,3,0,0
57,3,1,0
57,3,2,0
57,3,3,1
57,3,4,0
57,4,0,0
57,4,1,0
57,4,2,0
57,4,3,1
57,4,4,0
57,5,0,0
57,5,1,0
57,5,2,0
57,5,3,1
57,5,4,0
57,6,0,0
57,6,1,0
57,6,2,0
57,6,3,1
57,6,4,0
57,7,0,0
57,7,1,0
57,7,2,0
57,7,3,1
57,7,4,0
57,8,0,0
57,8,1,0
57,8,2,0
57,8,3,1
57,8,4,0
57,9,0,0
57,9,1,0
57,9,2,0
57,9,3,1
57,9,4,0
57,10,0,0
57,10,1,0
57,10,2,0
57,10,3,1
57,10,4,0
58,0,0,0
58,0,1,0
58,0,2,0
58,0,3,0
58,0,4,0
58,1,0,0
58,1,1,0
58,1,2,0
58,1,3,0
58,1,4,0
58,2,0,0
58,2,1,0
58,2,2,0
58,2,3,0
58,2,4,0
58,3,0,0
58,3,1,0
58,3,2,0
58,3,3,0
58,3,4,0
58,4,0,0
58,4,1,0
58,4,2,0
58,4,3,0
58,4,4,0
58,5,0,0
58,5,1,0
58,5,2,0
58,5,3,0
58,5,4,0
58,6,0,0
58,6,1,0
58,6,2,0
58,6,3,0
58,6,4,0
58,7,0,0
58,7,1,0
58,7,2,0
58,7,3,0
58,7,4,0
58,8,0,0
58,8,1,0
58,8,2,0
58,8,3,0
58,8,4,0
58,9,0,0
58,9,1,0
58,9,2,0
58,9,3,0
58,9,4,0
58,10,0,0
58,10,1,0
58,10,2,0
58,10,3,0
58,10,4,0
59,0,0,0
59,0,1,0
59,0,2,0
59,0,3,0
59,0,4,0
59,1,0,0
59,1,1,0
59,1,2,0
59,1,3,0
59,1,4,0
59,2,0,0
59,2,1,0
59,2,2,0
59,2,3,0
59,2,4,0
59,3,0,0
59,3,1,1
59,3,2,1
59,3,3,0
59,3,4,0
59,4,0,0
59,4,1,1
59,4,2,1
59,4,3,0
59,4,4,0
59,5,0,0
59,5,1,1
59,5,2,1
59,5,3,0
59,5,4,0
59,6,0,0
59,6,1,1
59,6,2,1
59,6,3,0
59,6,4,0
59,7,0,0
59,7,1,1
59,7,2,1
59,7,3,0
59,7,4,0
59,8,0,0
59,8,1,1
59,8,2,1
59,8,3,0
59,8,4,0
59,9,0,0
59,9,1,1
59,9,2,1
59,9,3,0
59,9,4,0
59,10,0,0
59,10,1,1
59,10,2,1
59,10,3,0
59,10,4,0
60,0,0,0
60,0,1,0
60,0,2,0
60,0,3,0
60,0,4,0
60,1,0,0
60,1,1,0
60,1,2,0
60,1,3,0
60,1,4,0
60,2,0,0
60,2,1,0
60,2,2,0
60,2,3,0
60,2,4,0
60,3,0,1
60,3,1,0
60,3,2,0
60,3,3,0
60,3,4,1
60,4,0,1
60,4,1,0
60,4,2,0
60,4,3,0
60,4,4,1
60,5,0,1
60,5,1,0
60,5,2,0
60,5,3,0
60,5,4,1
60,6,0,1
60,6,1,0
60,6,2,0
60,6,3,0
60,6,4,1
60,7,0,1
60,7,1,0
60,7,2,0
60,7,3,0
60,7,4,1
60,8,0,1
60,8,1,0
60,8,2,0
60,8,3,0
60,8,4,1
60,9,0,1
60,9,1,0
60,9,2,0
60,9,3,0
60,9,4,1
60,10,0,1
60,10,1,0
60,10,2,0
60,10,3,0
60,10,4,1
61,0,0,0
61,0,1,0
61,0,2,0
61,0,3,0
61,0,4,0
61,1,0,0
61,1,1,0
61,1,2,0
61,1,3,0
61,1,4,0
61,2,0,0
61,2,1,0
61,2,2,0
61,2,3,0
61,2,4,0
61,3,0,0
61,3,1,0
61,3,2,0
61,3,3,1
61,3,4,0
61,4,0,0
61,4,1,0
61,4,2,0
61,4,3,1
61,4,4,0
61,5,0,0
61,5,1,0
61,5,2,0
61,5,3,1
61,5,4,0
61,6,0,0
61,6,1,0
61,6,2,0
61,6,3,1
61,6,4,0
61,7,0,0
61,7,1,0
61,7,2,0
61,7,3,1
61,7,4,0
61,8,0,0
61,8,1,0
61,8,2,0
61,8,3,1
61,8,4,0
61,9,0,0
61,9,1,0
61,9,2,0
61,9,3,1
61,9,4,0
61,10,0,0
61,10,1,0
61,10,2,0
61,10,3,1
61,10,4,0
62,0,0,0
62,0,1,0
62,0,2,0
62,0,3,0
62,0,4,0
62,1,0,0
62,1,1,0
62,1,2,0
62,1,3,0
62,1,4,0
62,2,0,0
62,2,1,0
62,2,2,0
62,2,3,0
62,2,4,0
62,3,0,0
62,3,1,0
62,3,2,0
62,3,3,0
62,3,4,0
62,4,0,0
62,4,1,0
62,4,2,0
62,4,3,0
62,4,4,0
62,5,0,0
62,5,1,0
62,5,2,0
62,5,3,0
62,5,4,0
62,6,0,0
62,6,1,0
62,6,2,0
62,6,3,0
62,6,4,0
62,7,0,0
62,7,1,0
62,7,2,0
62,7,3,0
62,7,4,0
62,8,0,0
62,8,1,0
62,8,2,0
62,8,3,0
62,8,4,0
62,9,0,0
62,9,1,0
62,9,2,0
62,9,3,0
62,9,4,0
62,10,0,0
62,10,1,0
62,10,2,0
62,10,3,0
62,10,4,0
63,0,0,0
63,0,1,0
63,0,2,0
63,0,3,0
63,0,4,0
63,1,0,0
63,1,1,0
63,1,2,0
63,1,3,0
63,1,4,0
63,2,0,0
63,2,1,0
63,2,2,0
63,2,3,0
63,2,4,0
63,3,0,0
63,3,1,1
63,3,2,1
63,3,3,0
63,3,4,0
63,4,0,0
63,4,1,1
63,4,2,1
63,4,3,0
63,4,4,0
63,5,0,0
63,5,1,1
63,5,2,1
63,5,3,0
63,5,4,0
63,6,0,0
63,6,1,1
63,6,2,1
63,6,3,0
63,6,4,0
63,7,0,0
63,7,1,1
63,7,2,1
63,7,3,0
63,7,4,0
63,8,0,0
63,8,1,1
63,8,2,1
63,8,3,0
63,8,4,0
63,9,0,0
63,9,1,1
63,9,2,1
63,9,3,0
63,9,4,0
63,10,0,0
63,10,1,1
63,10,2,1
63,10,3,0
63,10,4,0
64,0,0,0
64,0,1,0
64,0,2,0
64,0,3,0
64,0,4,0
64,1,0,0
64,1,1,0
64,1,2,0
64,1,3,0
64,1,4,0
64,2,0,0
64,2,1,0
64,2,2,0
64,2,3,0
64,2,4,0
64,3,0,1
64,3,1,0
64,3,2,0
64,3,3,0
64,3,4,1
64,4,0,1
64,4,1,0
64,4,2,0
64,4,3,0
64,4,4,1
64,5,0,1
64,5,1,0
64,5,2,0
64,5,3,0
64,5,4,1
64,6,0,1
64,6,1,0
64,6,2,0
64,6,3,0
64,6,4,1
64,7,0,1
64,7,1,0
64,7,2,0
64,7,3,0
64,7,4,1
64,8,0,1
64,8,1,0
64,8,2,0
64,8,3,0
64,8,4,1
64,9,0,1
64,9,1,0
64,9,2,0
64,9,3,0
64,9,4,1
64,10,0,1
64,10,1,0
64,10,2,0
64,10,3,0
64,10,4,1
65,0,0,0
65,0,1,0
65,0,2,0
65,0,3,0
65,0,4,0
65,1,0,0
65,1,1,0
65,1,2,0
65,1,3,0
65,1,4,0
65,2,0,0
65,2,1,0
65,2,2,0
65,2,3,0
65,2,4,0
65,3,0,0
65,3,1,0
65,3,2,0
65,3,3,1
65,3,4,0
65,4,0,0
65,4,1,0
65,4,2,0
65,4,3,1
65,4,4,0
65,5,0,0
65,5,1,0
65,5,2,0
65,5,3,1
65,5,4,0
65,6,0,0
65,6,1,0
65,6,2,0
65,6,3,1
65,6,4,0
65,7,0,0
65,7,1,0
65,7,2,0
65,7,3,1
65,7,4,0
65,8,0,0
65,8,1,0
65,8,2,0
65,8,3,1
65,8,4,0
65,9,0,0
65,9,1,0
65,9,2,0
65,9,3,1
65,9,4,0
65,10,0,0
65,10,1,0
65,10,2,0
65,10,3,1
65,10,4,0
66,0,0,0
66,0,1,0
66,0,2,0
66,0,3,0
66,0,4,0
66,1,0,0
66,1,1,0
66,1,2,0
66,1,3,0
66,1,4,0
66,2,0,0
66,2,1,0
66,2,2,0
66,2,3,0
66,2,4,0
66,3,0,0
66,3,1,0
66,3,2,0
66,3,3,0
66,3,4,0
66,4,0,0
66,4,1,0
66,4,2,0
66,4,3,0
66,4,4,0
66,5,0,0
66,5,1,0
66,5,2,0
66,5,3,0
66,5,4,0
66,6,0,0
66,6,1,0
66,6,2,0
66,6,3,0
66,6,4,0
66,7,0,0
66,7,1,0
66,7,2,0
66,7,3,0
66,7,4,0
66,8,0,0
66,8,1,0
66,8,2,0
66,8,3,0
66,8,4,0
66,9,0,0
66,9,1,0
66,9,2,0
66,9,3,0
66,9,4,0
66,10,0,0
66,10,1,0
66,10,2,0
66,10,3,0
66,10,4,0
67,0,0,0
67,0,1,0
67,0,2,0
67,0,3,0
67,0,4,0
67,1,0,0
67,1,1,0
67,1,2,0
67,1,3,0
67,1,4,0
67,2,0,0
67,2,1,0
67,2,2,0
67,2,3,0
67,2,4,0
67,3,0,0
67,3,1,1
67,3,2,1
67,3,3,0
67,3,4,0
67,4,0,0
67,4,1,1
67,4,2,1
67,4,3,0
67,4,4,0
67,5,0,0
67,5,1,1
67,5,2,1
67,5,3,0
67,5,4,0
67,6,0,0
67,6,1,1
67,6,2,1
67,6,3,0
67,6,4,0
67,7,0,0
67,7,1,1
67,7,2,1
67,7,3,0
67,7,4,0
67,8,0,0
67,8,1,1
67,8,2,1
67,8,3,0
67,8,4,0
67,9,0,0
67,9,1,1
67,9,2,1
67,9,3,0
67,9,4,0
67,10,0,0
67,10,1,1
67,10,2,1
67,10,3,0
67,10,4,0
68,0,0,0
68,0,1,0
68,0,2,0
68,0,3,0
68,0,4,0
68,1,0,0
68,1,1,0
68,1,2,0
68,1,3,0
68,1,4,0
68,2,0,0
68,2,1,0
68,2,2,0
68,2,3,0
68,2,4,0
68,3,0,1
68,3,1,0
68,3,2,0
68,3,3,0
68,3,4,1
68,4,0,1
68,4,1,0
68,4,2,0
68,4,3,0
68,4,4,1
68,5,0,1
68,5,1,0
68,5,2,0
68,5,3,0
68,5,4,1
68,6,0,1
68,6,1,0
68,6,2,0
68,6,3,0
68,6,4,1
68,7,0,1
68,7,1,0
68,7,2,0
68,7,3,0
68,7,4,1
68,8,0,1
68,8,1,0
68,8,2,0
68,8,3,0
68,8,4,1
68,9,0,1
68,9,1,0
68,9,2,0
68,9,3,0
68,9,4,1
68,10,0,1
68,10,1,0
68,10,2,0
68,10,3,0
68,10,4,1
69,0,0,0
69,0,1,0
69,0,2,0
69,0,3,0
69,0,4,0
69,1,0,0
69,1,1,0
69,1,2,0
69,1,3,0
69,1,4,0
69,2,0,0
69,2,1,0
69,2,2,0
69,2,3,0
69,2,4,0
69,3,0,0
69,3,1,0
69,3,2,0
69,3,3,1
69,3,4,0
69,4,0,0
69,4,1,0
69,4,2,0
69,4,3,1
69,4,4,0
69,5,0,0
69,5,1,0
69,5,2,0
69,5,3,1
69,5,4,0
69,6,0,0
69,6,1,0
69,6,2,0
69,6,3,1
69,6,4,0
69,7,0,0
69,7,1,0
69,7,2,0
69,7,3,1
69,7,4,0
69,8,0,0
69,8,1,0
69,8,2,0
69,8,3,1
69,8,4,0
69,9,0,0
69,9,1,0
69,9,2,0
69,9,3,1
69,9,4,0
69,10,0,0
69,10,1,0
69,10,2,0
69,10,3,1
69,10,4,0
70,0,0,0
70,0,1,0
70,0,2,0
70,0,3,0
70,0,4,0
70,1,0,0
70,1,1,0
70,1,2,0
70,1,3,0
70,1,4,0
70,2,0,0
70,2,1,0
70,2,2,0
70,2,3,0
70,2,4,0
70,3,0,0
70,3,1,0
70,3,2,0
70,3,3,0
70,3,4,0
70,4,0,0
70,4,1,0
70,4,2,0
70,4,3,0
70,4,4,0
70,5,0,0
70,5,1,0
70,5,2,0
70,5,3,0
70,5,4,0
70,6,0,0
70,6,1,0
70,6,2,0
70,6,3,0
70,6,4,0
70,7,0,0
70,7,1,0
70,7,2,0
70,7,3,0
70,7,4,0
70,8,0,0
70,8,1,0
70,8,2,0
70,8,3,0
70,8,4,0
70,9,0,0
70,9,1,0
70,9,2,0
70,9,3,0
70,9,4,0
70,10,0,0
70,10,1,0
70,10,2,0
70,10,3,0
70,10,4,0
71,0,0,0
71,0,1,0
71,0,2,0
71,0,3,0
71,0,4,0
71,1,0,0
71,1,1,0
71,1,2,0
71,1,3,0
71,1,4,0
71,2,0,0
71,2,1,0
71,2,2,0
71,2,3,0
71,2,4,0
71,3,0,0
71,3,1,1
71,3,2,1
71,3,3,0
71,3,4,0
71,4,0,0
71,4,1,1
71,4,2,1
71,4,3,0
71,4,4,0
71,5,0,0
71,5,1,1
71,5,2,1
71,5,3,0
71,5,4,0
71,6,0,0
71,6,1,1
71,6,2,1
71,6,3,0
71,6,4,0
71,7,0,0
71,7,1,1
71,7,2,1
71,7,3,0
71,7,4,0
71,8,0,0
71,8,1,1
71,8,2,1
71,8,3,0
71,8,4,0
71,9,0,0
71,9,1,1
71,9,2,1
71,9,3,0
71,9,4,0
71,10,0,0
71,10,1,1
71,10,2,1
71,10,3,0
71,10,4,0
72,0,0,0
72,0,1,0
72,0,2,0
72,0,3,0
72,0,4,0
72,1,0,0
72,1,1,0
72,1,2,0
72,1,3,0
72,1,4,0
72,2,0,0
72,2,1,0
72,2,2,0
72,2,3,0
72,2,4,0
72,3,0,1
72,3,1,0
72,3,2,0
72,3,3,0
72,3,4,1
72,4,0,1
72,4,1,0
72,4,2,0
72,4,3,0
72,4,4,1
72,5,0,1
72,5,1,0
72,5,2,0
72,5,3,0
72,5,4,1
72,6,0,1
72,6,1,0
72,6,2,0
72,6,3,0
72,6,4,1
72,7,0,1
72,7,1,0
72,7,2,0
72,7,3,0
72,7,4,1
72,8,0,1
72,8,1,0
72,8,2,0
72,8,3,0
72,8,4,1
72,9,0,1
72,9,1,0
72,9,2,0
72,9,3,0
72,9,4,1
72,10,0,1
72,10,1,0
72,10,2,0
72,10,3,0
72,10,4,1
73,0,0,0
73,0,1,0
73,0,2,0
73,0,3,0
73,0,4,0
73,1,0,0
73,1,1,0
73,1,2,0
73,1,3,0
73,1,4,0
73,2,0,0
73,2,1,0
73,2,2,0
73,2,3,0
73,2,4,0
73,3,0,0
73,3,1,0
73,3,2,0
73,3,3,1
73,3,4,0
73,4,0,0
73,4,1,0
73,4,2,0
73,4,3,1
73,4,4,0
73,5,0,0
73,5,1,0
73,5,2,0
73,5,3,1
73,5,4,0
73,6,0,0
73,6,1,0
73,6,2,0
73,6,3,1
73,6,4,0
73,7,0,0
73,7,1,0
73,7,2,0
73,7,3,1
73,7,4,0
73,8,0,0
73,8,1,0
73,8,2,0
73,8,3,1
73,8,4,0
73,9,0,0
73,9,1,0
73,9,2,0
73,9,3,1
73,9,4,0
73,10,0,0
73,10,1,0
73,10,2,0
73,10,3,1
73,10,4,0
74,0,0,0
74,0,1,0
74,0,2,0
74,0,3,0
74,0,4,0
74,1,0,0
74,1,1,0
74,1,2,0
74,1,3,0
74,1,4,0
74,2,0,0
74,2,1,0
74,2,2,0
74,2,3,0
74,2,4,0
74,3,0,0
74,3,1,0
74,3,2,0
74,3,3,0
74,3,4,0
74,4,0,0
74,4,1,0
74,4,2,0
74,4,3,0
74,4,4,0
74,5,0,0
74,5,1,0
74,5,2,0
74,5,3,0
74,5,4,0
74,6,0,0
74,6,1,0
74,6,2,0
74,6,3,0
74,6,4,0
74,7,0,0
74,7,1,0
74,7,2,0
74,7,3,0
74,7,4,0
74,8,0,0
74,8,1,0
74,8,2,0
74,8,3,0
74,8,4,0
74,9,0,0
74,9,1,0
74,9,2,0
74,9,3,0
74,9,4,0
74,10,0,0
74,10,1,0
74,10,2,0
74,10,3,0
74,10,4,0
75,0,0,0
75,0,1,0
75,0,2,0
75,0,3,0
75,0,4,0
75,1,0,0
75,1,1,0
75,1,2,0
75,1,3,0
75,1,4,0
75,2,0,0
75,2,1,0
75,2,2,0
75,2,3,0
75,2,4,0
75,3,0,0
75,3,1,1
75,3,2,1
75,3,3,0
75,3,4,0
75,4,0,0
75,4,1,1
75,4,2,1
75,4,3,0
75,4,4,0
75,5,0,0
75,5,1,1
75,5,2,1
75,5,3,0
75,5,4,0
75,6,0,0
75,6,1,1
75,6,2,1
75,6,3,0
75,6,4,0
75,7,0,0
75,7,1,1
75,7,2,1
75,7,3,0
75,7,4,0
75,8,0,0
75,8,1,1
75,8,2,1
75,8,3,0
75,8,4,0
75,9,0,0
75,9,1,1
75,9,2,1
75,9,3,0
75,9,4,0
75,10,0,0
75,10,1,1
75,10,2,1
75,10,3,0
75,10,4,0
76,0,0,0
76,0,1,0
76,0,2,0
76,0,3,0
76,0,4,0
76,1,0,0
76,1,1,0
76,1,2,0
76,1,3,0
76,1,4,0
76,2,0,0
76,2,1,0
76,2,2,0
76,2,3,0
76,2,4,0
76,3,0,1
76,3,1,0
76,3,2,0
76,3,3,0
76,3,4,1
76,4,0,1
76,4,1,0
76,4,2,0
76,4,3,0
76,4,4,1
76,5,0,1
76,5,1,0
76,5,2,0
76,5,3,0
76,5,4,1
76,6,0,1
76,6,1,0
76,6,2,0
76,6,3,0
76,6,4,1
76,7,0,1
76,7,1,0
76,7,2,0
76,7,3,0
76,7,4,1
76,8,0,1
76,8,1,0
76,8,2,0
76,8,3,0
76,8,4,1
76,9,0,1
76,9,1,0
76,9,2,0
76,9,3,0
76,9,4,1
76,10,0,1
76,10,1,0
76,10,2,0
76,10,3,0
76,10,4,1
77,0,0,0
77,0,1,0
77,0,2,0
77,0,3,0
77,0,4,0
77,1,0,0
77,1,1,0
77,1,2,0
77,1,3,0
77,1,4,0
77,2,0,0
77,2,1,0
77,2,2,0
77,2,3,0
77,2,4,0
77,3,0,0
77,3,1,0
77,3,2,0
77,3,3,1
77,3,4,0
77,4,0,0
77,4,1,0
77,4,2,0
77,4,3,1
77,4,4,0
77,5,0,0
77,5,1,0
77,5,2,0
77,5,3,1
77,5,4,0
77,6,0,0
77,6,1,0
77,6,2,0
77,6,3,1
77,6,4,0
77,7,0,0
77,7,1,0
77,7,2,0
77,7,3,1
77,7,4,0
77,8,0,0
77,8,1,0
77,8,2,0
77,8,3,1
77,8,4,0
77,9,0,0
77,9,1,0
77,9,2,0
77,9,3,1
77,9,4,0
77,10,0,0
77,10,1,0
77,10,2,0
77,10,3,1
77,10,4,0
78,0,0,0
78,0,1,0
78,0,2,0
78,0,3,0
78,0,4,0
78,1,0,0
78,1,1,0
78,1,2,0
78,1,3,0
78,1,4,0
78,2,0,0
78,2,1,0
78,2,2,0
78,2,3,0
78,2,4,0
78,3,0,0
78,3,1,0
78,3,2,0
78,3,3,0
78,3,4,0
78,4,0,0
78,4,1,0
78,4,2,0
78,4,3,0
78,4,4,0
78,5,0,0
78,5,1,0
78,5,2,0
78,5,3,0
78,5,4,0
78,6,0,0
78,6,1,0
78,6,2,0
78,6,3,0
78,6,4,0
78,7,0,0
78,7,1,0
78,7,2,0
78,7,3,0
78,7,4,0
78,8,0,0
78,8,1,0
78,8,2,0
78,8,3,0
78,8,4,0
78,9,0,0
78,9,1,0
78,9,2,0
78,9,3,0
78,9,4,0
78,10,0,0
78,10,1,0
78,10,2,0
78,10,3,0
78,10,4,0
79,0,0,0
79,0,1,0
79,0,2,0
79,0,3,0
79,0,4,0
79,1,0,0
79,1,1,0
79,1,2,0
79,1,3,0
79,1,4,0
79,2,0,0
79,2,1,0
79,2,2,0
79,2,3,0
79,2,4,0
79,3,0,0
79,3,1,1
79,3,2,1
79,3,3,0
79,3,4,0
79,4,0,0
79,4,1,1
79,4,2,1
79,4,3,0
79,4,4,0
79,5,0,0
79,5,1,1
79,5,2,1
79,5,3,0
79,5,4,0
79,6,0,0
79,6,1,1
79,6,2,1
79,6,3,0
79,6,4,0
79,7,0,0
79,7,1,1
79,7,2,1
79,7,3,0
79,7,4,0
79,8,0,0
79,8,1,1
79,8,2,1
79,8,3,0
79,8,4,0
79,9,0,0
79,9,1,1
79,9,2,1
79,9,3,0
79,9,4,0
79,10,0,0
79,10,1,1
79,10,2,1
79,10,3,0
79,10,4,0
80,0,0,0
80,0,1,0
80,0,2,0
80,0,3,0
80,0,4,0
80,1,0,0
80,1,1,0
80,1,2,0
80,1,3,0
80,1,4,0
80,2,0,0
80,2,1,0
80,2,2,0
80,2,3,0
80,2,4,0
80,3,0,1
80,3,1,0
80,3,2,0
80,3,3,0
80,3,4,1
80,4,0,1
80,4,1,0
80,4,2,0
80,4,3,0
80,4,4,1
80,5,0,1
80,5,1,0
80,5,2,0
80,5,3,0
80,5,4,1
80,6,0,1
80,6,1,0
80,6,2,0
80,6,3,0
80,6,4,1
80,7,0,1
80,7,1,0
80,7,2,0
80,7,3,0
80,7,4,1
80,8,0,1
80,8,1,0
80,8,2,0
80,8,3,0
80,8,4,1
80,9,0,1
80,9,1,0
80,9,2,0
80,9,3,0
80,9,4,1
80,10,0,1
80,10,1,0
80,10,2,0
80,10,3,0
80,10,4,1
